[
{
    "model": "auth.permission",
    "pk": 1,
    "fields": {
        "name": "Can add log entry",
        "content_type": 1,
        "codename": "add_logentry"
    }
},
{
    "model": "auth.permission",
    "pk": 2,
    "fields": {
        "name": "Can change log entry",
        "content_type": 1,
        "codename": "change_logentry"
    }
},
{
    "model": "auth.permission",
    "pk": 3,
    "fields": {
        "name": "Can delete log entry",
        "content_type": 1,
        "codename": "delete_logentry"
    }
},
{
    "model": "auth.permission",
    "pk": 4,
    "fields": {
        "name": "Can view log entry",
        "content_type": 1,
        "codename": "view_logentry"
    }
},
{
    "model": "auth.permission",
    "pk": 5,
    "fields": {
        "name": "Can add permission",
        "content_type": 2,
        "codename": "add_permission"
    }
},
{
    "model": "auth.permission",
    "pk": 6,
    "fields": {
        "name": "Can change permission",
        "content_type": 2,
        "codename": "change_permission"
    }
},
{
    "model": "auth.permission",
    "pk": 7,
    "fields": {
        "name": "Can delete permission",
        "content_type": 2,
        "codename": "delete_permission"
    }
},
{
    "model": "auth.permission",
    "pk": 8,
    "fields": {
        "name": "Can view permission",
        "content_type": 2,
        "codename": "view_permission"
    }
},
{
    "model": "auth.permission",
    "pk": 9,
    "fields": {
        "name": "Can add group",
        "content_type": 3,
        "codename": "add_group"
    }
},
{
    "model": "auth.permission",
    "pk": 10,
    "fields": {
        "name": "Can change group",
        "content_type": 3,
        "codename": "change_group"
    }
},
{
    "model": "auth.permission",
    "pk": 11,
    "fields": {
        "name": "Can delete group",
        "content_type": 3,
        "codename": "delete_group"
    }
},
{
    "model": "auth.permission",
    "pk": 12,
    "fields": {
        "name": "Can view group",
        "content_type": 3,
        "codename": "view_group"
    }
},
{
    "model": "auth.permission",
    "pk": 13,
    "fields": {
        "name": "Can add user",
        "content_type": 4,
        "codename": "add_user"
    }
},
{
    "model": "auth.permission",
    "pk": 14,
    "fields": {
        "name": "Can change user",
        "content_type": 4,
        "codename": "change_user"
    }
},
{
    "model": "auth.permission",
    "pk": 15,
    "fields": {
        "name": "Can delete user",
        "content_type": 4,
        "codename": "delete_user"
    }
},
{
    "model": "auth.permission",
    "pk": 16,
    "fields": {
        "name": "Can view user",
        "content_type": 4,
        "codename": "view_user"
    }
},
{
    "model": "auth.permission",
    "pk": 17,
    "fields": {
        "name": "Can add content type",
        "content_type": 5,
        "codename": "add_contenttype"
    }
},
{
    "model": "auth.permission",
    "pk": 18,
    "fields": {
        "name": "Can change content type",
        "content_type": 5,
        "codename": "change_contenttype"
    }
},
{
    "model": "auth.permission",
    "pk": 19,
    "fields": {
        "name": "Can delete content type",
        "content_type": 5,
        "codename": "delete_contenttype"
    }
},
{
    "model": "auth.permission",
    "pk": 20,
    "fields": {
        "name": "Can view content type",
        "content_type": 5,
        "codename": "view_contenttype"
    }
},
{
    "model": "auth.permission",
    "pk": 21,
    "fields": {
        "name": "Can add session",
        "content_type": 6,
        "codename": "add_session"
    }
},
{
    "model": "auth.permission",
    "pk": 22,
    "fields": {
        "name": "Can change session",
        "content_type": 6,
        "codename": "change_session"
    }
},
{
    "model": "auth.permission",
    "pk": 23,
    "fields": {
        "name": "Can delete session",
        "content_type": 6,
        "codename": "delete_session"
    }
},
{
    "model": "auth.permission",
    "pk": 24,
    "fields": {
        "name": "Can view session",
        "content_type": 6,
        "codename": "view_session"
    }
},
{
    "model": "auth.permission",
    "pk": 25,
    "fields": {
        "name": "Can add Профиль автора",
        "content_type": 7,
        "codename": "add_authorprofile"
    }
},
{
    "model": "auth.permission",
    "pk": 26,
    "fields": {
        "name": "Can change Профиль автора",
        "content_type": 7,
        "codename": "change_authorprofile"
    }
},
{
    "model": "auth.permission",
    "pk": 27,
    "fields": {
        "name": "Can delete Профиль автора",
        "content_type": 7,
        "codename": "delete_authorprofile"
    }
},
{
    "model": "auth.permission",
    "pk": 28,
    "fields": {
        "name": "Can view Профиль автора",
        "content_type": 7,
        "codename": "view_authorprofile"
    }
},
{
    "model": "auth.permission",
    "pk": 29,
    "fields": {
        "name": "Can add Блог",
        "content_type": 8,
        "codename": "add_blog"
    }
},
{
    "model": "auth.permission",
    "pk": 30,
    "fields": {
        "name": "Can change Блог",
        "content_type": 8,
        "codename": "change_blog"
    }
},
{
    "model": "auth.permission",
    "pk": 31,
    "fields": {
        "name": "Can delete Блог",
        "content_type": 8,
        "codename": "delete_blog"
    }
},
{
    "model": "auth.permission",
    "pk": 32,
    "fields": {
        "name": "Can view Блог",
        "content_type": 8,
        "codename": "view_blog"
    }
},
{
    "model": "auth.permission",
    "pk": 33,
    "fields": {
        "name": "Can add tag",
        "content_type": 9,
        "codename": "add_tag"
    }
},
{
    "model": "auth.permission",
    "pk": 34,
    "fields": {
        "name": "Can change tag",
        "content_type": 9,
        "codename": "change_tag"
    }
},
{
    "model": "auth.permission",
    "pk": 35,
    "fields": {
        "name": "Can delete tag",
        "content_type": 9,
        "codename": "delete_tag"
    }
},
{
    "model": "auth.permission",
    "pk": 36,
    "fields": {
        "name": "Can view tag",
        "content_type": 9,
        "codename": "view_tag"
    }
},
{
    "model": "auth.permission",
    "pk": 37,
    "fields": {
        "name": "Can add user profile",
        "content_type": 10,
        "codename": "add_userprofile"
    }
},
{
    "model": "auth.permission",
    "pk": 38,
    "fields": {
        "name": "Can change user profile",
        "content_type": 10,
        "codename": "change_userprofile"
    }
},
{
    "model": "auth.permission",
    "pk": 39,
    "fields": {
        "name": "Can delete user profile",
        "content_type": 10,
        "codename": "delete_userprofile"
    }
},
{
    "model": "auth.permission",
    "pk": 40,
    "fields": {
        "name": "Can view user profile",
        "content_type": 10,
        "codename": "view_userprofile"
    }
},
{
    "model": "auth.permission",
    "pk": 41,
    "fields": {
        "name": "Can add entry",
        "content_type": 11,
        "codename": "add_entry"
    }
},
{
    "model": "auth.permission",
    "pk": 42,
    "fields": {
        "name": "Can change entry",
        "content_type": 11,
        "codename": "change_entry"
    }
},
{
    "model": "auth.permission",
    "pk": 43,
    "fields": {
        "name": "Can delete entry",
        "content_type": 11,
        "codename": "delete_entry"
    }
},
{
    "model": "auth.permission",
    "pk": 44,
    "fields": {
        "name": "Can view entry",
        "content_type": 11,
        "codename": "view_entry"
    }
},
{
    "model": "auth.permission",
    "pk": 45,
    "fields": {
        "name": "Может просматривать статью",
        "content_type": 11,
        "codename": "can_view_entry"
    }
},
{
    "model": "auth.permission",
    "pk": 46,
    "fields": {
        "name": "Может создать статью",
        "content_type": 11,
        "codename": "can_add_entry"
    }
},
{
    "model": "auth.permission",
    "pk": 47,
    "fields": {
        "name": "Может изменять статью",
        "content_type": 11,
        "codename": "can_change_entry"
    }
},
{
    "model": "auth.permission",
    "pk": 48,
    "fields": {
        "name": "Может удалять статью",
        "content_type": 11,
        "codename": "can_delete_entry"
    }
},
{
    "model": "auth.permission",
    "pk": 49,
    "fields": {
        "name": "Can add comment",
        "content_type": 12,
        "codename": "add_comment"
    }
},
{
    "model": "auth.permission",
    "pk": 50,
    "fields": {
        "name": "Can change comment",
        "content_type": 12,
        "codename": "change_comment"
    }
},
{
    "model": "auth.permission",
    "pk": 51,
    "fields": {
        "name": "Can delete comment",
        "content_type": 12,
        "codename": "delete_comment"
    }
},
{
    "model": "auth.permission",
    "pk": 52,
    "fields": {
        "name": "Can view comment",
        "content_type": 12,
        "codename": "view_comment"
    }
},
{
    "model": "auth.group",
    "pk": 1,
    "fields": {
        "name": "Авторы",
        "permissions": [
            46,
            47,
            48,
            45
        ]
    }
},
{
    "model": "auth.user",
    "pk": 1,
    "fields": {
        "password": "pbkdf2_sha256$600000$nb0pI9zwBp52h5Yr0Yuzs6$ROaGWeDLFRXGF1AtVslQlh9CRJ10u90GF6wmcg0wVtM=",
        "last_login": null,
        "is_superuser": true,
        "username": "admin",
        "first_name": "",
        "last_name": "",
        "email": "",
        "is_staff": true,
        "is_active": true,
        "date_joined": "2024-03-17T17:13:54.921Z",
        "groups": [
            1
        ],
        "user_permissions": []
    }
},
{
    "model": "auth.user",
    "pk": 2,
    "fields": {
        "password": "pbkdf2_sha256$600000$ZxdraPUzGgbPuMLkczlsjI$JPQkV4lPShvDZ5gWGtKelS9SvDvKoICchA0LkF4koMY=",
        "last_login": null,
        "is_superuser": false,
        "username": "kozlovkir",
        "first_name": "",
        "last_name": "",
        "email": "zaharkudrjavtsev@rambler.ru",
        "is_staff": true,
        "is_active": true,
        "date_joined": "2024-03-17T17:13:55.251Z",
        "groups": [],
        "user_permissions": []
    }
},
{
    "model": "auth.user",
    "pk": 3,
    "fields": {
        "password": "pbkdf2_sha256$600000$HregLHqp1N8nfgbHUapfuM$EGBnuket9wzu4sd9RADdxWwJEoQXsd82e7RUKIBmovA=",
        "last_login": null,
        "is_superuser": false,
        "username": "german35",
        "first_name": "",
        "last_name": "",
        "email": "tarasovnatan@gmail.com",
        "is_staff": true,
        "is_active": true,
        "date_joined": "2024-03-17T17:13:55.610Z",
        "groups": [],
        "user_permissions": []
    }
},
{
    "model": "auth.user",
    "pk": 4,
    "fields": {
        "password": "pbkdf2_sha256$600000$kPxa1TxESSlRFD8sCbUsAB$SauEAfadReUbyJ3XHW2aImmIQ2HT/xezU8WQ/d1pt2o=",
        "last_login": null,
        "is_superuser": false,
        "username": "krasilnikovigor",
        "first_name": "",
        "last_name": "",
        "email": "shcherbakovklavdi@mail.ru",
        "is_staff": true,
        "is_active": true,
        "date_joined": "2024-03-17T17:13:55.993Z",
        "groups": [],
        "user_permissions": []
    }
},
{
    "model": "auth.user",
    "pk": 5,
    "fields": {
        "password": "pbkdf2_sha256$600000$O1C1pAplw7Y5IhQuMCp1ng$WXAB/OpjY8S1llgF+x6sCNmykPniaTcTU0Y69a+rHJY=",
        "last_login": null,
        "is_superuser": false,
        "username": "amoskonstantinov",
        "first_name": "",
        "last_name": "",
        "email": "oleg_41@yahoo.com",
        "is_staff": true,
        "is_active": true,
        "date_joined": "2024-03-17T17:13:56.345Z",
        "groups": [],
        "user_permissions": []
    }
},
{
    "model": "auth.user",
    "pk": 6,
    "fields": {
        "password": "pbkdf2_sha256$600000$MrjEFHyPXsrcWzVtIuKE6z$uKPQjA1Q4r4cZiZiXodZb5UdV8qVgFRgVTswclL+okw=",
        "last_login": null,
        "is_superuser": false,
        "username": "budimir2021",
        "first_name": "",
        "last_name": "",
        "email": "samolovavalerija@yahoo.com",
        "is_staff": true,
        "is_active": true,
        "date_joined": "2024-03-17T17:13:56.661Z",
        "groups": [],
        "user_permissions": []
    }
},
{
    "model": "auth.user",
    "pk": 7,
    "fields": {
        "password": "pbkdf2_sha256$600000$rEMXaCfS25m68NAQ3f5Aw7$z6iURNJaJnbIIIf108ovvN4FaH+L/vsTO0CRflI7mFA=",
        "last_login": null,
        "is_superuser": false,
        "username": "platon27",
        "first_name": "",
        "last_name": "",
        "email": "pestovaivanna@yandex.ru",
        "is_staff": true,
        "is_active": true,
        "date_joined": "2024-03-17T17:13:57.016Z",
        "groups": [
            1
        ],
        "user_permissions": []
    }
},
{
    "model": "auth.user",
    "pk": 8,
    "fields": {
        "password": "pbkdf2_sha256$600000$B9SANsoHqf2adArxcADmfQ$t71tshmB/3p6fPKxu2ff7+Mx0rK9BnfXGfaO9gejeJo=",
        "last_login": null,
        "is_superuser": false,
        "username": "arefizhuravlev",
        "first_name": "",
        "last_name": "",
        "email": "mihalovsvjatoslav@gmail.com",
        "is_staff": true,
        "is_active": true,
        "date_joined": "2024-03-17T17:13:57.404Z",
        "groups": [
            1
        ],
        "user_permissions": []
    }
},
{
    "model": "auth.user",
    "pk": 9,
    "fields": {
        "password": "pbkdf2_sha256$600000$Q8c4KhHkw67yAxZZYKXMOi$vDUBRyPQkurqJZ8i2P38w28i3SuOZQVkUXch4HJCrNk=",
        "last_login": null,
        "is_superuser": false,
        "username": "zinovigolubev",
        "first_name": "",
        "last_name": "",
        "email": "adrian_98@yahoo.com",
        "is_staff": true,
        "is_active": true,
        "date_joined": "2024-03-17T17:13:57.751Z",
        "groups": [
            1
        ],
        "user_permissions": []
    }
},
{
    "model": "auth.user",
    "pk": 10,
    "fields": {
        "password": "pbkdf2_sha256$600000$PgaoIjRYO2AVepuEjyR0rp$GrJ2ybSOF24xIaufdCUi87ZBGEkMohifLL0k+VmF/gQ=",
        "last_login": null,
        "is_superuser": false,
        "username": "valentinbelov",
        "first_name": "",
        "last_name": "",
        "email": "brogov@mail.ru",
        "is_staff": true,
        "is_active": true,
        "date_joined": "2024-03-17T17:13:58.102Z",
        "groups": [
            1
        ],
        "user_permissions": []
    }
},
{
    "model": "auth.user",
    "pk": 11,
    "fields": {
        "password": "pbkdf2_sha256$600000$xqn7wAlB2rvPcGkEu4JQst$KAxtongHxkQ1Bsxuq5JeLllLB8drcnIDy94yBBgJvhs=",
        "last_login": null,
        "is_superuser": false,
        "username": "vasilevtimur",
        "first_name": "",
        "last_name": "",
        "email": "litkinaanna@yahoo.com",
        "is_staff": true,
        "is_active": true,
        "date_joined": "2024-03-17T17:13:58.456Z",
        "groups": [
            1
        ],
        "user_permissions": []
    }
},
{
    "model": "auth.user",
    "pk": 12,
    "fields": {
        "password": "pbkdf2_sha256$600000$ZWTuoQX7ykBlQ5G6xvXB5l$KcqHr4ZogrKiQHfAwjuzOMcF9NxvtCJghV+m9ixNRnw=",
        "last_login": null,
        "is_superuser": false,
        "username": "erofe09",
        "first_name": "",
        "last_name": "",
        "email": "arkadi_2020@hotmail.com",
        "is_staff": true,
        "is_active": true,
        "date_joined": "2024-03-17T17:13:58.844Z",
        "groups": [
            1
        ],
        "user_permissions": []
    }
},
{
    "model": "auth.user",
    "pk": 13,
    "fields": {
        "password": "pbkdf2_sha256$600000$Ga1kH9r9Dj4HQcaZPMfEVs$PoRCVjv1X0LCeYexIvhPBoKfkd+0Vtx9GpgrWaLfuvk=",
        "last_login": null,
        "is_superuser": false,
        "username": "lshirjaeva",
        "first_name": "",
        "last_name": "",
        "email": "luka_1987@yahoo.com",
        "is_staff": true,
        "is_active": true,
        "date_joined": "2024-03-17T17:13:59.186Z",
        "groups": [
            1
        ],
        "user_permissions": []
    }
},
{
    "model": "auth.user",
    "pk": 14,
    "fields": {
        "password": "pbkdf2_sha256$600000$QeaJS3aOCw677AxjnwlT1s$LrBGMzvl82IC6pKBj1vNnpSZtXzu4GnJNCUg88g6x0I=",
        "last_login": null,
        "is_superuser": false,
        "username": "arhip_35",
        "first_name": "",
        "last_name": "",
        "email": "gleb78@rambler.ru",
        "is_staff": true,
        "is_active": true,
        "date_joined": "2024-03-17T17:13:59.512Z",
        "groups": [
            1
        ],
        "user_permissions": []
    }
},
{
    "model": "auth.user",
    "pk": 15,
    "fields": {
        "password": "pbkdf2_sha256$600000$959X8gs9jQtFO31R5Hyeei$lCBU+/NdQb5yVe+9hEPrRJH4gEz2k/U0vdpjB84BJ4k=",
        "last_login": null,
        "is_superuser": false,
        "username": "kapitonseleznev",
        "first_name": "",
        "last_name": "",
        "email": "ipati1973@gmail.com",
        "is_staff": true,
        "is_active": true,
        "date_joined": "2024-03-17T17:13:59.865Z",
        "groups": [
            1
        ],
        "user_permissions": []
    }
},
{
    "model": "auth.user",
    "pk": 16,
    "fields": {
        "password": "pbkdf2_sha256$600000$BGnTzzrhch2RwNCOYoEiYB$Kv1d1SIYriQ/ATlKeQrgT1Btrlgyxtv44fNoY8pPz8Y=",
        "last_login": null,
        "is_superuser": false,
        "username": "gedeon_1999",
        "first_name": "",
        "last_name": "",
        "email": "volkovleon@hotmail.com",
        "is_staff": true,
        "is_active": true,
        "date_joined": "2024-03-17T17:14:00.255Z",
        "groups": [
            1
        ],
        "user_permissions": []
    }
},
{
    "model": "auth.user",
    "pk": 17,
    "fields": {
        "password": "pbkdf2_sha256$600000$nbb7KWW7m6UGP6srceVBVE$HhAHdhQjImQtVyaSKcO56wU53CBIX5Cl877h9jxD+8M=",
        "last_login": null,
        "is_superuser": false,
        "username": "qisaeva",
        "first_name": "",
        "last_name": "",
        "email": "karljakovlev@rambler.ru",
        "is_staff": true,
        "is_active": true,
        "date_joined": "2024-03-17T17:14:00.616Z",
        "groups": [
            1
        ],
        "user_permissions": []
    }
},
{
    "model": "auth.user",
    "pk": 18,
    "fields": {
        "password": "pbkdf2_sha256$600000$lc56Mf8hVZENPHocPAI6AE$FY/1mCDHRTWsbtiXZCLc+aagZtocWV7a9s1P36wXbBQ=",
        "last_login": null,
        "is_superuser": false,
        "username": "maksimiljan_1971",
        "first_name": "",
        "last_name": "",
        "email": "shashkovkazimir@yahoo.com",
        "is_staff": true,
        "is_active": true,
        "date_joined": "2024-03-17T17:14:00.966Z",
        "groups": [
            1
        ],
        "user_permissions": []
    }
},
{
    "model": "auth.user",
    "pk": 19,
    "fields": {
        "password": "pbkdf2_sha256$600000$7wCJPMsy4RAY0BbvQlxjtY$4NXN4l7AcE19ivXEZhX8mMolVYTsVdvdPyyfIlYBbNA=",
        "last_login": null,
        "is_superuser": false,
        "username": "blohinmaksimiljan",
        "first_name": "",
        "last_name": "",
        "email": "veronika_14@yandex.ru",
        "is_staff": true,
        "is_active": true,
        "date_joined": "2024-03-17T17:14:01.363Z",
        "groups": [
            1
        ],
        "user_permissions": []
    }
},
{
    "model": "auth.user",
    "pk": 20,
    "fields": {
        "password": "pbkdf2_sha256$600000$m6OHAKnUzx2tbw2JEuRWYw$7Tr2Zo1QXttmTqCekXpF1pq1Fkk7PTNj9jM+80TqYQ8=",
        "last_login": null,
        "is_superuser": false,
        "username": "ruben_77",
        "first_name": "",
        "last_name": "",
        "email": "sokratmuhin@rambler.ru",
        "is_staff": true,
        "is_active": true,
        "date_joined": "2024-03-17T17:14:01.709Z",
        "groups": [
            1
        ],
        "user_permissions": []
    }
},
{
    "model": "auth.user",
    "pk": 21,
    "fields": {
        "password": "pbkdf2_sha256$600000$WZa6BAnC6XhdH7yUgv2KpM$vu5+Cotzh2bZ2x/ji0g8iJ+ENbanBTlnOA+e+79SVXM=",
        "last_login": null,
        "is_superuser": false,
        "username": "nestorgorshkov",
        "first_name": "",
        "last_name": "",
        "email": "jmartinov@rambler.ru",
        "is_staff": true,
        "is_active": true,
        "date_joined": "2024-03-17T17:14:02.023Z",
        "groups": [
            1
        ],
        "user_permissions": []
    }
},
{
    "model": "auth.user",
    "pk": 22,
    "fields": {
        "password": "pbkdf2_sha256$600000$efsgKWIagCDHsrNYv0kjN4$7Hn4UXiecqR78OJlTEHR+V4jVXXYU2BIkG9WBGq5oV4=",
        "last_login": null,
        "is_superuser": false,
        "username": "juli2018",
        "first_name": "",
        "last_name": "",
        "email": "parfen_2007@mail.ru",
        "is_staff": true,
        "is_active": true,
        "date_joined": "2024-03-17T17:14:02.376Z",
        "groups": [
            1
        ],
        "user_permissions": []
    }
},
{
    "model": "auth.user",
    "pk": 23,
    "fields": {
        "password": "pbkdf2_sha256$600000$prXnALRPKi31ZFoX7NY5mz$MrBwMW8m0xTUEdGQdvkMbsgbxqKq9M8+sQQyg1ryARo=",
        "last_login": null,
        "is_superuser": false,
        "username": "jtihonova",
        "first_name": "",
        "last_name": "",
        "email": "arseniaksenov@mail.ru",
        "is_staff": true,
        "is_active": true,
        "date_joined": "2024-03-17T17:14:02.761Z",
        "groups": [
            1
        ],
        "user_permissions": []
    }
},
{
    "model": "auth.user",
    "pk": 24,
    "fields": {
        "password": "pbkdf2_sha256$600000$fnovZJtjviRh1G2SUI1Kzw$yZfHbOpWG7sR4YOuP96X9wOgPcP5JfHBKYmw1JTBZDA=",
        "last_login": null,
        "is_superuser": false,
        "username": "sevastjanpoljakov",
        "first_name": "",
        "last_name": "",
        "email": "polikarp70@mail.ru",
        "is_staff": true,
        "is_active": true,
        "date_joined": "2024-03-17T17:14:03.151Z",
        "groups": [
            1
        ],
        "user_permissions": []
    }
},
{
    "model": "auth.user",
    "pk": 25,
    "fields": {
        "password": "pbkdf2_sha256$600000$4pYNISJjzXjiyn89IXWGPE$d9RJvWY7hzMA/xN0WR8gs8Qu4KeQjGYYM6wPXQ9pD9I=",
        "last_login": null,
        "is_superuser": false,
        "username": "ereme_75",
        "first_name": "",
        "last_name": "",
        "email": "sinklitikija_64@mail.ru",
        "is_staff": true,
        "is_active": true,
        "date_joined": "2024-03-17T17:14:03.503Z",
        "groups": [
            1
        ],
        "user_permissions": []
    }
},
{
    "model": "auth.user",
    "pk": 26,
    "fields": {
        "password": "pbkdf2_sha256$600000$CS2yhJnuZvyCd4Ine9SgQz$9tC+SZsQ3ReHJaqjjjrOEBAPvcn4Xn2g/a2ipcw/ofQ=",
        "last_login": null,
        "is_superuser": false,
        "username": "vorontsoverofe",
        "first_name": "",
        "last_name": "",
        "email": "kira1987@hotmail.com",
        "is_staff": true,
        "is_active": true,
        "date_joined": "2024-03-17T17:14:03.857Z",
        "groups": [
            1
        ],
        "user_permissions": []
    }
},
{
    "model": "auth.user",
    "pk": 27,
    "fields": {
        "password": "pbkdf2_sha256$600000$J8sAd18ibZctfx69JpJqyp$lB5tc26H4wmqTfLDtPHG39Kn2vCbaFUsl0mSXDIkgQA=",
        "last_login": null,
        "is_superuser": false,
        "username": "evseevfeofan",
        "first_name": "",
        "last_name": "",
        "email": "konovalovasinklitikija@mail.ru",
        "is_staff": true,
        "is_active": true,
        "date_joined": "2024-03-17T17:14:04.244Z",
        "groups": [],
        "user_permissions": []
    }
},
{
    "model": "auth.user",
    "pk": 28,
    "fields": {
        "password": "pbkdf2_sha256$600000$FIM0TNvmGuCwvOLdYUDY9F$ox2T4XqoIbUPiTQrf3nlpoMiM+L7TEks/sXnzgZLDRM=",
        "last_login": null,
        "is_superuser": false,
        "username": "polikarp2019",
        "first_name": "",
        "last_name": "",
        "email": "ljubomir31@hotmail.com",
        "is_staff": true,
        "is_active": true,
        "date_joined": "2024-03-17T17:14:04.595Z",
        "groups": [],
        "user_permissions": []
    }
},
{
    "model": "auth.user",
    "pk": 29,
    "fields": {
        "password": "pbkdf2_sha256$600000$zI5qCLEegMIjS3bTmrMoDK$R+r3o4pCHVB4ZwY1hKn/VEkFADkBBCUVNdU5bYV6Oes=",
        "last_login": null,
        "is_superuser": false,
        "username": "zhuravlevorest",
        "first_name": "",
        "last_name": "",
        "email": "fedor2021@yahoo.com",
        "is_staff": true,
        "is_active": true,
        "date_joined": "2024-03-17T17:14:04.949Z",
        "groups": [],
        "user_permissions": []
    }
},
{
    "model": "auth.user",
    "pk": 30,
    "fields": {
        "password": "pbkdf2_sha256$600000$5keTV1bIDK65isP21cb0t0$mOnRrZIMOoeJDoJDWh2A9xu8IKMsbAyIuVQYTOT9woo=",
        "last_login": null,
        "is_superuser": false,
        "username": "ipati31",
        "first_name": "",
        "last_name": "",
        "email": "lukakovalev@rambler.ru",
        "is_staff": true,
        "is_active": true,
        "date_joined": "2024-03-17T17:14:05.346Z",
        "groups": [],
        "user_permissions": []
    }
},
{
    "model": "auth.user",
    "pk": 31,
    "fields": {
        "password": "pbkdf2_sha256$600000$j10aqLMZkudb2uJKDfpIWw$Hnl7uybiK9jGONTjdl+F6eXbYwcXMCvbKTCAB8/4+Jg=",
        "last_login": null,
        "is_superuser": false,
        "username": "zhdanovakira",
        "first_name": "",
        "last_name": "",
        "email": "kabanovseliverst@gmail.com",
        "is_staff": true,
        "is_active": true,
        "date_joined": "2024-03-17T17:14:05.741Z",
        "groups": [],
        "user_permissions": []
    }
},
{
    "model": "auth.user",
    "pk": 32,
    "fields": {
        "password": "pbkdf2_sha256$600000$LzggaiEx6lRfEqthFkh8Li$+Iwt8gTfYp5u40CaaofwcUPuGP9Hurr/N6wcY082jvc=",
        "last_login": null,
        "is_superuser": false,
        "username": "viktorinnaumov",
        "first_name": "",
        "last_name": "",
        "email": "mfrolova@yandex.ru",
        "is_staff": true,
        "is_active": true,
        "date_joined": "2024-03-17T17:14:06.128Z",
        "groups": [],
        "user_permissions": []
    }
},
{
    "model": "auth.user",
    "pk": 33,
    "fields": {
        "password": "pbkdf2_sha256$600000$aQupTGwuoTG5oX6EpZuJfB$PGOBsqKefFDMlP/JSW4gRhxEZM2PouRaaOVpOvOAdPc=",
        "last_login": null,
        "is_superuser": false,
        "username": "zhdanovafinogen",
        "first_name": "",
        "last_name": "",
        "email": "smirnovosip@mail.ru",
        "is_staff": true,
        "is_active": true,
        "date_joined": "2024-03-17T17:14:06.517Z",
        "groups": [],
        "user_permissions": []
    }
},
{
    "model": "auth.user",
    "pk": 34,
    "fields": {
        "password": "pbkdf2_sha256$600000$fkj06hLazq7Yrb78bhuZxk$voz/+mFkivo6pAXv5d7Fm7kejOQPm4rfbKRRM1D4w/E=",
        "last_login": null,
        "is_superuser": false,
        "username": "gennadiburov",
        "first_name": "",
        "last_name": "",
        "email": "vjacheslav10@yahoo.com",
        "is_staff": true,
        "is_active": true,
        "date_joined": "2024-03-17T17:14:06.878Z",
        "groups": [],
        "user_permissions": []
    }
},
{
    "model": "auth.user",
    "pk": 35,
    "fields": {
        "password": "pbkdf2_sha256$600000$x12E7SUdU85PXjt0WXaiTd$FhvqzOveaHh5VA41GtukRyW5XlIFf8EvHY7X1SIYuUc=",
        "last_login": null,
        "is_superuser": false,
        "username": "danilovfirs",
        "first_name": "",
        "last_name": "",
        "email": "fadeevairaida@yandex.ru",
        "is_staff": true,
        "is_active": true,
        "date_joined": "2024-03-17T17:14:07.191Z",
        "groups": [],
        "user_permissions": []
    }
},
{
    "model": "auth.user",
    "pk": 36,
    "fields": {
        "password": "pbkdf2_sha256$600000$L4QPW7AerZit1M9EyZ1xIV$rlj/lnAP93wqaAbewv91Ump4REV4hYCVM5YTYY8ve9c=",
        "last_login": null,
        "is_superuser": false,
        "username": "veronika68",
        "first_name": "",
        "last_name": "",
        "email": "panovaanna@hotmail.com",
        "is_staff": true,
        "is_active": true,
        "date_joined": "2024-03-17T17:14:07.546Z",
        "groups": [],
        "user_permissions": []
    }
},
{
    "model": "auth.user",
    "pk": 37,
    "fields": {
        "password": "pbkdf2_sha256$600000$IZ5aixE1BF8NT5L33rjIhe$JhxJmkmjb7FkrBZJ2Xn5y5S5opVlB+ne+X4DNP1r45s=",
        "last_login": null,
        "is_superuser": false,
        "username": "gushchinkonstantin",
        "first_name": "",
        "last_name": "",
        "email": "ija2002@gmail.com",
        "is_staff": true,
        "is_active": true,
        "date_joined": "2024-03-17T17:14:07.933Z",
        "groups": [],
        "user_permissions": []
    }
},
{
    "model": "auth.user",
    "pk": 38,
    "fields": {
        "password": "pbkdf2_sha256$600000$nmcZ8TDmopxN3pIBtWGuP3$MPtZHFTvBrBwezpTOld3lCzsR158+YEnMrAIEzXYXTw=",
        "last_login": null,
        "is_superuser": false,
        "username": "ilja2001",
        "first_name": "",
        "last_name": "",
        "email": "galaktion_1996@yahoo.com",
        "is_staff": true,
        "is_active": true,
        "date_joined": "2024-03-17T17:14:08.319Z",
        "groups": [],
        "user_permissions": []
    }
},
{
    "model": "auth.user",
    "pk": 39,
    "fields": {
        "password": "pbkdf2_sha256$600000$hubsCWikaEq3Brww5uqnrd$E4XR0e55EPn4wuIsDr0/NaaSTzkUVXLPkYzUN/yGnI4=",
        "last_login": null,
        "is_superuser": false,
        "username": "ustin_86",
        "first_name": "",
        "last_name": "",
        "email": "ljubim1982@rambler.ru",
        "is_staff": true,
        "is_active": true,
        "date_joined": "2024-03-17T17:14:08.676Z",
        "groups": [],
        "user_permissions": []
    }
},
{
    "model": "auth.user",
    "pk": 40,
    "fields": {
        "password": "pbkdf2_sha256$600000$lkG6d4F7BttwgYiasJedHL$nWBvdk8DoyVJEWhyyrvp1FKGsVkbf8DzFD7RX+sYsg4=",
        "last_login": null,
        "is_superuser": false,
        "username": "varlaam_71",
        "first_name": "",
        "last_name": "",
        "email": "ratibor_1971@rambler.ru",
        "is_staff": true,
        "is_active": true,
        "date_joined": "2024-03-17T17:14:09.033Z",
        "groups": [],
        "user_permissions": []
    }
},
{
    "model": "auth.user",
    "pk": 41,
    "fields": {
        "password": "pbkdf2_sha256$600000$Zgbnhkf9zL9KS4j001rscc$DKEoOmYlxLDPzaxCpJL2AgoRvRhSdkWwvFO5jQcvV/8=",
        "last_login": null,
        "is_superuser": false,
        "username": "frolovkonstantin",
        "first_name": "",
        "last_name": "",
        "email": "budimirkudrjashov@gmail.com",
        "is_staff": true,
        "is_active": true,
        "date_joined": "2024-03-17T17:14:09.354Z",
        "groups": [],
        "user_permissions": []
    }
},
{
    "model": "contenttypes.contenttype",
    "pk": 1,
    "fields": {
        "app_label": "admin",
        "model": "logentry"
    }
},
{
    "model": "contenttypes.contenttype",
    "pk": 2,
    "fields": {
        "app_label": "auth",
        "model": "permission"
    }
},
{
    "model": "contenttypes.contenttype",
    "pk": 3,
    "fields": {
        "app_label": "auth",
        "model": "group"
    }
},
{
    "model": "contenttypes.contenttype",
    "pk": 4,
    "fields": {
        "app_label": "auth",
        "model": "user"
    }
},
{
    "model": "contenttypes.contenttype",
    "pk": 5,
    "fields": {
        "app_label": "contenttypes",
        "model": "contenttype"
    }
},
{
    "model": "contenttypes.contenttype",
    "pk": 6,
    "fields": {
        "app_label": "sessions",
        "model": "session"
    }
},
{
    "model": "contenttypes.contenttype",
    "pk": 7,
    "fields": {
        "app_label": "app",
        "model": "authorprofile"
    }
},
{
    "model": "contenttypes.contenttype",
    "pk": 8,
    "fields": {
        "app_label": "app",
        "model": "blog"
    }
},
{
    "model": "contenttypes.contenttype",
    "pk": 9,
    "fields": {
        "app_label": "app",
        "model": "tag"
    }
},
{
    "model": "contenttypes.contenttype",
    "pk": 10,
    "fields": {
        "app_label": "app",
        "model": "userprofile"
    }
},
{
    "model": "contenttypes.contenttype",
    "pk": 11,
    "fields": {
        "app_label": "app",
        "model": "entry"
    }
},
{
    "model": "contenttypes.contenttype",
    "pk": 12,
    "fields": {
        "app_label": "app",
        "model": "comment"
    }
},
{
    "model": "app.blog",
    "pk": 1,
    "fields": {
        "name": "Путешествия по миру",
        "slug_name": "puteshestviya-po-miru",
        "headline": "Откройте новые горизонты и погрузитесь в удивительные приключения вместе с нами!",
        "description": null,
        "created_at": "2024-03-17T17:14:09.777Z",
        "updated_at": "2024-03-17T17:14:09.777Z"
    }
},
{
    "model": "app.blog",
    "pk": 2,
    "fields": {
        "name": "Кулинарные искушения",
        "slug_name": "kulinarnye-iskusheniya",
        "headline": "Раскройте вкусовые грани и наслаждайтесь миром кулинарии вместе с нами!",
        "description": null,
        "created_at": "2024-03-17T17:14:09.780Z",
        "updated_at": "2024-03-17T17:14:09.780Z"
    }
},
{
    "model": "app.blog",
    "pk": 3,
    "fields": {
        "name": "Фитнес и здоровый образ жизни",
        "slug_name": "fitnes-i-zdorovyj-obraz-zhizni",
        "headline": "Позаботьтесь о своем здоровье, достигните физической формы и ощутите преимущества активного образа жизни!",
        "description": null,
        "created_at": "2024-03-17T17:14:09.782Z",
        "updated_at": "2024-03-17T17:14:09.782Z"
    }
},
{
    "model": "app.blog",
    "pk": 4,
    "fields": {
        "name": "ИТ-новости и технологии",
        "slug_name": "it-novosti-i-tekhnologii",
        "headline": "Будьте в курсе последних новостей, трендов и инноваций в мире информационных технологий!",
        "description": null,
        "created_at": "2024-03-17T17:14:09.783Z",
        "updated_at": "2024-03-17T17:14:09.784Z"
    }
},
{
    "model": "app.blog",
    "pk": 5,
    "fields": {
        "name": "Мода и стиль",
        "slug_name": "moda-i-stil",
        "headline": "Выражайте свою индивидуальность, следите за модными тенденциями и создавайте неповторимые образы вместе с нами!",
        "description": null,
        "created_at": "2024-03-17T17:14:09.785Z",
        "updated_at": "2024-03-17T17:14:09.786Z"
    }
},
{
    "model": "app.userprofile",
    "pk": 1,
    "fields": {
        "user": 1,
        "avatar": "avatars/unnamed.png",
        "phone_number": null,
        "city": null,
        "created_at": "2024-03-17T17:14:09.833Z",
        "updated_at": "2024-03-17T17:14:09.833Z"
    }
},
{
    "model": "app.userprofile",
    "pk": 2,
    "fields": {
        "user": 7,
        "avatar": "avatars/1.jpg",
        "phone_number": null,
        "city": "Москва",
        "created_at": "2024-03-17T17:14:09.867Z",
        "updated_at": "2024-03-17T17:14:09.873Z"
    }
},
{
    "model": "app.userprofile",
    "pk": 3,
    "fields": {
        "user": 8,
        "avatar": "avatars/unnamed.png",
        "phone_number": "+79523842943",
        "city": "Екатеринбург",
        "created_at": "2024-03-17T17:14:09.879Z",
        "updated_at": "2024-03-17T17:14:09.879Z"
    }
},
{
    "model": "app.userprofile",
    "pk": 4,
    "fields": {
        "user": 9,
        "avatar": "avatars/2.jpg",
        "phone_number": "+79993854785",
        "city": "Нижний Новгород",
        "created_at": "2024-03-17T17:14:09.886Z",
        "updated_at": "2024-03-17T17:14:09.892Z"
    }
},
{
    "model": "app.userprofile",
    "pk": 5,
    "fields": {
        "user": 10,
        "avatar": "avatars/unnamed.png",
        "phone_number": null,
        "city": null,
        "created_at": "2024-03-17T17:14:09.897Z",
        "updated_at": "2024-03-17T17:14:09.897Z"
    }
},
{
    "model": "app.userprofile",
    "pk": 6,
    "fields": {
        "user": 11,
        "avatar": "avatars/3.jpg",
        "phone_number": "+79500535005",
        "city": "Санкт-Петербург",
        "created_at": "2024-03-17T17:14:09.904Z",
        "updated_at": "2024-03-17T17:14:09.910Z"
    }
},
{
    "model": "app.userprofile",
    "pk": 7,
    "fields": {
        "user": 12,
        "avatar": "avatars/4.png",
        "phone_number": "+79328949823",
        "city": "Казань",
        "created_at": "2024-03-17T17:14:09.915Z",
        "updated_at": "2024-03-17T17:14:09.921Z"
    }
},
{
    "model": "app.userprofile",
    "pk": 8,
    "fields": {
        "user": 13,
        "avatar": "avatars/5.jpg",
        "phone_number": "+79853759733",
        "city": "Самара",
        "created_at": "2024-03-17T17:14:09.944Z",
        "updated_at": "2024-03-17T17:14:09.950Z"
    }
},
{
    "model": "app.userprofile",
    "pk": 9,
    "fields": {
        "user": 14,
        "avatar": "avatars/4_IiiWSp9.png",
        "phone_number": null,
        "city": null,
        "created_at": "2024-03-17T17:14:09.955Z",
        "updated_at": "2024-03-17T17:14:09.961Z"
    }
},
{
    "model": "app.userprofile",
    "pk": 10,
    "fields": {
        "user": 15,
        "avatar": "avatars/6.jpg",
        "phone_number": "+79993249574",
        "city": "Санкт-Петербург",
        "created_at": "2024-03-17T17:14:09.983Z",
        "updated_at": "2024-03-17T17:14:09.990Z"
    }
},
{
    "model": "app.userprofile",
    "pk": 11,
    "fields": {
        "user": 16,
        "avatar": "avatars/unnamed.png",
        "phone_number": "+79457344794",
        "city": "Москва",
        "created_at": "2024-03-17T17:14:09.995Z",
        "updated_at": "2024-03-17T17:14:09.995Z"
    }
},
{
    "model": "app.userprofile",
    "pk": 12,
    "fields": {
        "user": 17,
        "avatar": "avatars/unnamed.png",
        "phone_number": null,
        "city": null,
        "created_at": "2024-03-17T17:14:10.002Z",
        "updated_at": "2024-03-17T17:14:10.002Z"
    }
},
{
    "model": "app.userprofile",
    "pk": 13,
    "fields": {
        "user": 18,
        "avatar": "avatars/7.jpg",
        "phone_number": "+79009009090",
        "city": "Санкт-Петербург",
        "created_at": "2024-03-17T17:14:10.009Z",
        "updated_at": "2024-03-17T17:14:10.014Z"
    }
},
{
    "model": "app.userprofile",
    "pk": 14,
    "fields": {
        "user": 19,
        "avatar": "avatars/8.jpg",
        "phone_number": "+79696502575",
        "city": "Москва",
        "created_at": "2024-03-17T17:14:10.019Z",
        "updated_at": "2024-03-17T17:14:10.025Z"
    }
},
{
    "model": "app.userprofile",
    "pk": 15,
    "fields": {
        "user": 20,
        "avatar": "avatars/unnamed.png",
        "phone_number": null,
        "city": "Владивосток",
        "created_at": "2024-03-17T17:14:10.030Z",
        "updated_at": "2024-03-17T17:14:10.030Z"
    }
},
{
    "model": "app.userprofile",
    "pk": 16,
    "fields": {
        "user": 21,
        "avatar": "avatars/unnamed.png",
        "phone_number": null,
        "city": null,
        "created_at": "2024-03-17T17:14:10.036Z",
        "updated_at": "2024-03-17T17:14:10.036Z"
    }
},
{
    "model": "app.userprofile",
    "pk": 17,
    "fields": {
        "user": 22,
        "avatar": "avatars/9.jpg",
        "phone_number": "+79158765678",
        "city": "Казань",
        "created_at": "2024-03-17T17:14:10.042Z",
        "updated_at": "2024-03-17T17:14:10.048Z"
    }
},
{
    "model": "app.userprofile",
    "pk": 18,
    "fields": {
        "user": 23,
        "avatar": "avatars/unnamed.png",
        "phone_number": null,
        "city": null,
        "created_at": "2024-03-17T17:14:10.052Z",
        "updated_at": "2024-03-17T17:14:10.053Z"
    }
},
{
    "model": "app.userprofile",
    "pk": 19,
    "fields": {
        "user": 24,
        "avatar": "avatars/unnamed.png",
        "phone_number": "+79258659900",
        "city": "Ростов-на-Дону",
        "created_at": "2024-03-17T17:14:10.058Z",
        "updated_at": "2024-03-17T17:14:10.058Z"
    }
},
{
    "model": "app.userprofile",
    "pk": 20,
    "fields": {
        "user": 25,
        "avatar": "avatars/unnamed.png",
        "phone_number": null,
        "city": null,
        "created_at": "2024-03-17T17:14:10.064Z",
        "updated_at": "2024-03-17T17:14:10.064Z"
    }
},
{
    "model": "app.userprofile",
    "pk": 21,
    "fields": {
        "user": 26,
        "avatar": "avatars/unnamed.png",
        "phone_number": null,
        "city": "Красноярск",
        "created_at": "2024-03-17T17:14:10.070Z",
        "updated_at": "2024-03-17T17:14:10.070Z"
    }
},
{
    "model": "app.userprofile",
    "pk": 22,
    "fields": {
        "user": 27,
        "avatar": "avatars/unnamed.png",
        "phone_number": null,
        "city": null,
        "created_at": "2024-03-17T17:14:10.076Z",
        "updated_at": "2024-03-17T17:14:10.076Z"
    }
},
{
    "model": "app.userprofile",
    "pk": 23,
    "fields": {
        "user": 28,
        "avatar": "avatars/unnamed.png",
        "phone_number": null,
        "city": null,
        "created_at": "2024-03-17T17:14:10.082Z",
        "updated_at": "2024-03-17T17:14:10.082Z"
    }
},
{
    "model": "app.userprofile",
    "pk": 24,
    "fields": {
        "user": 29,
        "avatar": "avatars/unnamed.png",
        "phone_number": null,
        "city": null,
        "created_at": "2024-03-17T17:14:10.088Z",
        "updated_at": "2024-03-17T17:14:10.088Z"
    }
},
{
    "model": "app.userprofile",
    "pk": 25,
    "fields": {
        "user": 30,
        "avatar": "avatars/unnamed.png",
        "phone_number": null,
        "city": null,
        "created_at": "2024-03-17T17:14:10.095Z",
        "updated_at": "2024-03-17T17:14:10.095Z"
    }
},
{
    "model": "app.userprofile",
    "pk": 26,
    "fields": {
        "user": 31,
        "avatar": "avatars/unnamed.png",
        "phone_number": null,
        "city": null,
        "created_at": "2024-03-17T17:14:10.102Z",
        "updated_at": "2024-03-17T17:14:10.102Z"
    }
},
{
    "model": "app.userprofile",
    "pk": 27,
    "fields": {
        "user": 32,
        "avatar": "avatars/unnamed.png",
        "phone_number": null,
        "city": null,
        "created_at": "2024-03-17T17:14:10.108Z",
        "updated_at": "2024-03-17T17:14:10.108Z"
    }
},
{
    "model": "app.userprofile",
    "pk": 28,
    "fields": {
        "user": 33,
        "avatar": "avatars/unnamed.png",
        "phone_number": null,
        "city": null,
        "created_at": "2024-03-17T17:14:10.114Z",
        "updated_at": "2024-03-17T17:14:10.114Z"
    }
},
{
    "model": "app.userprofile",
    "pk": 29,
    "fields": {
        "user": 34,
        "avatar": "avatars/unnamed.png",
        "phone_number": null,
        "city": null,
        "created_at": "2024-03-17T17:14:10.121Z",
        "updated_at": "2024-03-17T17:14:10.122Z"
    }
},
{
    "model": "app.userprofile",
    "pk": 30,
    "fields": {
        "user": 35,
        "avatar": "avatars/unnamed.png",
        "phone_number": null,
        "city": null,
        "created_at": "2024-03-17T17:14:10.128Z",
        "updated_at": "2024-03-17T17:14:10.128Z"
    }
},
{
    "model": "app.userprofile",
    "pk": 31,
    "fields": {
        "user": 36,
        "avatar": "avatars/unnamed.png",
        "phone_number": null,
        "city": null,
        "created_at": "2024-03-17T17:14:10.135Z",
        "updated_at": "2024-03-17T17:14:10.135Z"
    }
},
{
    "model": "app.userprofile",
    "pk": 32,
    "fields": {
        "user": 37,
        "avatar": "avatars/unnamed.png",
        "phone_number": null,
        "city": null,
        "created_at": "2024-03-17T17:14:10.142Z",
        "updated_at": "2024-03-17T17:14:10.142Z"
    }
},
{
    "model": "app.userprofile",
    "pk": 33,
    "fields": {
        "user": 38,
        "avatar": "avatars/unnamed.png",
        "phone_number": null,
        "city": null,
        "created_at": "2024-03-17T17:14:10.149Z",
        "updated_at": "2024-03-17T17:14:10.149Z"
    }
},
{
    "model": "app.userprofile",
    "pk": 34,
    "fields": {
        "user": 39,
        "avatar": "avatars/unnamed.png",
        "phone_number": null,
        "city": null,
        "created_at": "2024-03-17T17:14:10.156Z",
        "updated_at": "2024-03-17T17:14:10.156Z"
    }
},
{
    "model": "app.userprofile",
    "pk": 35,
    "fields": {
        "user": 40,
        "avatar": "avatars/unnamed.png",
        "phone_number": null,
        "city": null,
        "created_at": "2024-03-17T17:14:10.162Z",
        "updated_at": "2024-03-17T17:14:10.162Z"
    }
},
{
    "model": "app.authorprofile",
    "pk": 1,
    "fields": {
        "user": 1,
        "bio": "Я администратор.",
        "created_at": "2024-03-17T17:14:09.792Z",
        "updated_at": "2024-03-17T17:14:09.792Z"
    }
},
{
    "model": "app.authorprofile",
    "pk": 2,
    "fields": {
        "user": 7,
        "bio": "Стремлюсь к тому, чтобы делиться своими знаниями и вдохновлять других.",
        "created_at": "2024-03-17T17:14:09.792Z",
        "updated_at": "2024-03-17T17:14:09.792Z"
    }
},
{
    "model": "app.authorprofile",
    "pk": 3,
    "fields": {
        "user": 8,
        "bio": "Исследую мир через слова и пишу о том, что меня вдохновляет.",
        "created_at": "2024-03-17T17:14:09.792Z",
        "updated_at": "2024-03-17T17:14:09.792Z"
    }
},
{
    "model": "app.authorprofile",
    "pk": 4,
    "fields": {
        "user": 9,
        "bio": "В поисках новых историй и приключений. Рад поделиться своими мыслями и идеями.",
        "created_at": "2024-03-17T17:14:09.792Z",
        "updated_at": "2024-03-17T17:14:09.792Z"
    }
},
{
    "model": "app.authorprofile",
    "pk": 5,
    "fields": {
        "user": 10,
        "bio": null,
        "created_at": "2024-03-17T17:14:09.792Z",
        "updated_at": "2024-03-17T17:14:09.792Z"
    }
},
{
    "model": "app.authorprofile",
    "pk": 6,
    "fields": {
        "user": 11,
        "bio": "Люблю погружаться в мир слов и раскрывать их магию через свои произведения.",
        "created_at": "2024-03-17T17:14:09.792Z",
        "updated_at": "2024-03-17T17:14:09.792Z"
    }
},
{
    "model": "app.authorprofile",
    "pk": 7,
    "fields": {
        "user": 12,
        "bio": "Размышляю о жизни и передаю свои мысли через письменное слово.",
        "created_at": "2024-03-17T17:14:09.792Z",
        "updated_at": "2024-03-17T17:14:09.792Z"
    }
},
{
    "model": "app.authorprofile",
    "pk": 8,
    "fields": {
        "user": 13,
        "bio": "Вдохновение находится в малых деталях, и я стараюсь их передать через свои тексты.",
        "created_at": "2024-03-17T17:14:09.793Z",
        "updated_at": "2024-03-17T17:14:09.793Z"
    }
},
{
    "model": "app.authorprofile",
    "pk": 9,
    "fields": {
        "user": 14,
        "bio": null,
        "created_at": "2024-03-17T17:14:09.793Z",
        "updated_at": "2024-03-17T17:14:09.793Z"
    }
},
{
    "model": "app.authorprofile",
    "pk": 10,
    "fields": {
        "user": 15,
        "bio": "Погружаюсь в разные темы и делюсь своими увлечениями с читателями.",
        "created_at": "2024-03-17T17:14:09.793Z",
        "updated_at": "2024-03-17T17:14:09.793Z"
    }
},
{
    "model": "app.authorprofile",
    "pk": 11,
    "fields": {
        "user": 16,
        "bio": "Чувствую, что слова имеют силу изменить мир, поэтому я пишу.",
        "created_at": "2024-03-17T17:14:09.796Z",
        "updated_at": "2024-03-17T17:14:09.796Z"
    }
},
{
    "model": "app.authorprofile",
    "pk": 12,
    "fields": {
        "user": 17,
        "bio": "Захватываю воображение и вношу каплю вдохновения в каждое свое произведение.",
        "created_at": "2024-03-17T17:14:09.829Z",
        "updated_at": "2024-03-17T17:14:09.829Z"
    }
},
{
    "model": "app.authorprofile",
    "pk": 13,
    "fields": {
        "user": 18,
        "bio": "Мои истории - это отражение моего внутреннего мира и наблюдений о внешнем.",
        "created_at": "2024-03-17T17:14:09.829Z",
        "updated_at": "2024-03-17T17:14:09.829Z"
    }
},
{
    "model": "app.authorprofile",
    "pk": 14,
    "fields": {
        "user": 19,
        "bio": "Исследую разнообразие жизни и выражаю свои мысли через письменное искусство.",
        "created_at": "2024-03-17T17:14:09.829Z",
        "updated_at": "2024-03-17T17:14:09.829Z"
    }
},
{
    "model": "app.authorprofile",
    "pk": 15,
    "fields": {
        "user": 20,
        "bio": null,
        "created_at": "2024-03-17T17:14:09.829Z",
        "updated_at": "2024-03-17T17:14:09.829Z"
    }
},
{
    "model": "app.authorprofile",
    "pk": 16,
    "fields": {
        "user": 21,
        "bio": null,
        "created_at": "2024-03-17T17:14:09.829Z",
        "updated_at": "2024-03-17T17:14:09.829Z"
    }
},
{
    "model": "app.authorprofile",
    "pk": 17,
    "fields": {
        "user": 22,
        "bio": "Пытаюсь поймать красоту мира и передать ее через мои слова.",
        "created_at": "2024-03-17T17:14:09.829Z",
        "updated_at": "2024-03-17T17:14:09.829Z"
    }
},
{
    "model": "app.authorprofile",
    "pk": 18,
    "fields": {
        "user": 23,
        "bio": "Слова - это кисть, которой я создаю картины своих идей и эмоций.",
        "created_at": "2024-03-17T17:14:09.829Z",
        "updated_at": "2024-03-17T17:14:09.829Z"
    }
},
{
    "model": "app.authorprofile",
    "pk": 19,
    "fields": {
        "user": 24,
        "bio": "Слова - это инструмент, с помощью которого я строю свой мир и делюсь им с другими.",
        "created_at": "2024-03-17T17:14:09.829Z",
        "updated_at": "2024-03-17T17:14:09.829Z"
    }
},
{
    "model": "app.authorprofile",
    "pk": 20,
    "fields": {
        "user": 25,
        "bio": null,
        "created_at": "2024-03-17T17:14:09.829Z",
        "updated_at": "2024-03-17T17:14:09.829Z"
    }
},
{
    "model": "app.authorprofile",
    "pk": 21,
    "fields": {
        "user": 26,
        "bio": null,
        "created_at": "2024-03-17T17:14:09.829Z",
        "updated_at": "2024-03-17T17:14:09.829Z"
    }
},
{
    "model": "app.entry",
    "pk": 1,
    "fields": {
        "blog": 1,
        "headline": "Изучение красот Мачу-Пикчу",
        "slug_headline": "izuchenie-krasot-machu-pikchu",
        "summary": "Древний город Мачу-Пикчу, скрытый среди гор Анд, привлекает \nпутешественников со всего мира своей уникальной красотой и загадочностью. \nИзучение этого археологического чуда предлагает нам уникальную возможность \nпогрузиться в инковскую культуру и исследовать их удивительные инженерные \nдостижения. Путешественники могут отправиться на треккинговый маршрут, \nподняться на вершину Хуайна Пикчу и насладиться потрясающим видом на \nдревний город. Изучение Мачу-Пикчу - это не только путешествие во времени, \nно и возможность узнать больше о древних цивилизациях и их наследии.",
        "body_text": "<p>Скрытый среди гор Анд, древний город Мачу-Пикчу привлекает путешественников со всего мира \n     своей уникальной красотой и загадочностью. Это место, словно затерянное во времени, оставляет неизгладимое \n     впечатление своей атмосферой и историей.</p>\n     \n    <p>Изучение этого археологического чуда предоставляет нам уникальную возможность погрузиться в инковскую культуру \n    и исследовать их удивительные инженерные достижения. Здесь, среди древних камней и храмов, можно ощутить величие \n    и мастерство инков, которые создали этот удивительный город.</p>\n    \n    <p>Путешественники, решившие отправиться на треккинговый маршрут, встречают невероятные приключения, преодолевая \n    горные тропы и взбираясь на вершину Хуайна Пикчу. Там, на высоте, открывается потрясающий вид на древний город, \n    который оставляет в памяти незабываемые воспоминания.</p>\n    \n    <p>Мачу-Пикчу - это не только путешествие во времени, но и возможность узнать больше о древних цивилизациях и их \n    наследии. Это место наполняет нас вдохновением и уважением к инкам, оставившим свой след в истории.</p>\n    \n    <p><strong>В заключении,</strong> Мачу-Пикчу - это исторический кладезь, который привлекает путешественников \n    своей уникальной атмосферой и историческим значением. Посещение этого древнего города становится настоящим \n    путешествием в прошлое и позволяет нам прикоснуться к великой инковской культуре.</p>",
        "image": "image_entry/1.jpg",
        "pub_date": "2022-04-01T21:00:00Z",
        "status": "published",
        "mod_date": "2024-03-17",
        "number_of_comments": 2,
        "number_of_pingbacks": 10,
        "rating": 0.0,
        "authors": [
            2,
            17
        ],
        "tags": [
            1,
            21
        ]
    }
},
{
    "model": "app.entry",
    "pk": 2,
    "fields": {
        "blog": 1,
        "headline": "Приключения в Амазонке",
        "slug_headline": "priklyucheniya-v-amazonke",
        "summary": "Амазонка - это не просто река, это целый мир приключений \nи загадок. Встреча с дикой природой Амазонки позволит вам увидеть \nуникальную биоразнообразие и ощутить мощь естественной силы. Прогулка на \nканоэ по реке, ночные походы в джунгли, наблюдение за экзотическими \nживотными и птицами - все это ожидает вас в Амазонке. Погрузитесь в \nзеленый мир самой большой тропической джунгли на Земле и откройте для \nсебя удивительные приключения, которые запомнятся на всю жизнь.",
        "body_text": "<p>Амазонка - это не просто река, это целый мир приключений и загадок. Это место, где дикая \n     природа расцветает во всей своей красе, где каждый уголок природы кажется настоящим чудом. Она привлекает тех, \n     кто ищет уникальное биоразнообразие и стремится ощутить мощь естественных сил.</p>\n     \n     <p>Прогулка на каноэ по \n     Амазонке - это возможность окунуться в сердце этой дикой реки и исследовать ее водные пути. Ночные походы в \n     глубины джунглей позволяют наблюдать за жизнью, которая просыпается после заката солнца, а встречи с \n     экзотическими животными и птицами станут незабываемым опытом для любителей природы.</p> \n     \n     <p>Амазонка - это \n     зеленый мир самой большой тропической джунгли на Земле. Здесь каждый шаг приводит к новому открытию, \n     каждый взгляд на природу наполняет чувства удивлением и благоговением перед этой удивительной планетой. Это \n     место, где приключения исходят из самой природы.</p> \n     \n     <p><strong>В заключении,</strong> Амазонка - это не просто \n     место на карте, это мир приключений, который запомнится вам на всю жизнь. Погрузитесь в этот удивительный мир и \n     откройте для себя его богатства и загадки, которые будут вас вдохновлять и восхищать.</p>",
        "image": "image_entry/2.jpg",
        "pub_date": "2022-08-01T21:00:00Z",
        "status": "published",
        "mod_date": "2024-03-17",
        "number_of_comments": 14,
        "number_of_pingbacks": 30,
        "rating": 5.0,
        "authors": [
            4
        ],
        "tags": [
            1,
            21
        ]
    }
},
{
    "model": "app.entry",
    "pk": 3,
    "fields": {
        "blog": 1,
        "headline": "Знакомство с Парижем",
        "slug_headline": "znakomstvo-s-parizhem",
        "summary": "Париж - город любви, искусства и изысканности. \nЗнакомство с Парижем - это погружение в его узкие улочки, исторические \nдостопримечательности и культурную сцену. Прогулка по набережной Сены, \nпосещение Эйфелевой башни, музея Лувр и собора Парижской Богоматери - \nэто всего лишь некоторые из знаковых мест, которые стоит посетить. \nПарижские кафе, булочные и рестораны предлагают богатство французской \nкухни и возможность насладиться неповторимой атмосферой этого \nудивительного города.",
        "body_text": "<p>Париж - город, который сразу же ассоциируется с любовью, искусством и изысканностью. \n     Знакомство с Парижем - это непередаваемый опыт, который погружает вас в атмосферу его узких улочек, исторических \n     достопримечательностей и бесконечных возможностей для культурного обогащения.</p>\n     \n    <p>Прогулка по набережной Сены становится увлекательным путешествием вдоль этой живописной реки, предоставляя \n    возможность насладиться видами на знаменитые мосты и набережные кафе. Посещение Эйфелевой башни, музея Лувр и \n    собора Парижской Богоматери - это всего лишь некоторые из знаковых мест, которые стоит обязательно посетить в \n    этом городе искусства.</p>\n    \n    <p>Но Париж - это не только музеи и исторические памятники. Этот город также славится своими кафе, булочными и \n    ресторанами, предлагающими богатство французской кухни. Здесь вы можете насладиться великолепными блюдами, \n    от классического круассана до изысканных блюд в ресторанах с мишленовскими звездами.</p>\n    \n    <p><strong>В заключении,</strong> Париж - это город, который оставляет незабываемые воспоминания и вдохновляет \n    своей красотой и культурным наследием. Здесь вы можете пережить волшебство любви и искусства, и каждая поездка в \n    этот город становится приключением, которое будет дорогим вам на всю жизнь.</p>",
        "image": "image_entry/3.jpg",
        "pub_date": "2022-06-01T21:00:00Z",
        "status": "published",
        "mod_date": "2024-03-17",
        "number_of_comments": 7,
        "number_of_pingbacks": 5,
        "rating": 4.7,
        "authors": [
            2,
            3,
            4
        ],
        "tags": [
            1
        ]
    }
},
{
    "model": "app.entry",
    "pk": 4,
    "fields": {
        "blog": 1,
        "headline": "Открывая тайны Колизея",
        "slug_headline": "otkryvaya-tajny-kolizeya",
        "summary": "Колизей - величественная арена, свидетель исторических \nсражений и развлечений древнего Рима. Откройте для себя его тайны и \nузнайте больше о жизни в античной Римской империи. Исследуйте \nархитектурные детали, узнайте о роли Колизея в культуре и развлечениях \nдревних римлян. Посетите музей, расположенный внутри Колизея, где вы \nсможете увидеть артефакты, связанные с его историей. Путешествие во \nвремени через посещение Колизея откроет перед вами удивительный мир \nдревнего Рима.",
        "body_text": "<p>Колизей - это не просто величественная арена, это место, где заключены исторические сражения \n     и развлечения древнего Рима. Посещение этой арены предоставляет вам уникальную возможность открыть для себя его \n     тайны и узнать больше о жизни в античной Римской империи.</p>\n     \n    <p>Исследование Колизея позволяет вам рассмотреть архитектурные детали, которые олицетворяют величие римского \n    строительства. Здесь вы узнаете о роли, которую Колизей играл в культуре и развлечениях древних римлян. Эта арена \n    была местом грандиозных спектаклей и гладиаторских боев, оставивших незабываемый след в истории.</p>\n    \n    <p>Посещение музея, расположенного внутри Колизея, становится настоящим временным путешествием. Здесь вы сможете \n    увидеть артефакты, связанные с историей этой великой арены, и погрузитесь в мир древнего Рима через предметы и \n    экспонаты, которые рассказывают о его прошлом.</p>\n    \n    <p><strong>В заключении,</strong> путешествие во времени через посещение Колизея откроет перед вами удивительный \n    мир древнего Рима. Это место, где история становится живой, и каждый его камень кажется рассказывающим о прошлом. \n    Посетите Колизей и станьте частью великой римской истории.</p> </body>",
        "image": "image_entry/4.jpg",
        "pub_date": "2022-09-01T21:00:00Z",
        "status": "published",
        "mod_date": "2024-03-17",
        "number_of_comments": 2,
        "number_of_pingbacks": 5,
        "rating": 3.3,
        "authors": [
            8,
            13
        ],
        "tags": [
            1,
            20
        ]
    }
},
{
    "model": "app.entry",
    "pk": 5,
    "fields": {
        "blog": 1,
        "headline": "Оазисы Сахары: красота и опасность",
        "slug_headline": "oazisy-sahary-krasota-i-opasnost",
        "summary": "Сахара - самая большая пустыня на планете, и в ее сердце \nскрыты удивительные оазисы. Погрузитесь в суровую красоту Сахары и \nоткройте для себя места, где жизнь пробивает себе путь сквозь песчаные \nдюны. Оазисы предлагают прохладу, зелень и свежую воду в иссушающей \nпустыне. Однако, несмотря на красоту, Сахара также представляет \nопасность своими экстремальными температурами и отсутствием воды. \nПознакомьтесь с удивительным миром Сахары и увидьте, как природа \nадаптируется к таким непростым условиям жизни.",
        "body_text": "<p>Сахара - самая большая пустыня на планете, и она прячет в своих безжизненных просторах \n     удивительные оазисы. Путешествие в Сахару позволяет вам погрузиться в суровую красоту этой пустыни и открыть для \n     себя места, где жизнь находит свой путь среди бескрайних песчаных дюн.</p>\n\n    <p>Оазисы в сердце Сахары предлагают прохладу, зелень и, что немаловажно, свежую воду в иссушающей пустыне. Они \n    становятся оазисами жизни, куда собираются множество видов растений и животных, приспособившихся к экстремальным \n    условиям.</p>\n\n    <p>Однако, несмотря на свою непередаваемую красоту, Сахара также представляет опасность своими экстремальными \n    температурами и отсутствием воды. Путешественники, решившие исследовать этот регион, должны быть готовы к \n    тщательной подготовке и соблюдению мер предосторожности.</p>\n\n    <p><strong>В заключении,</strong> путешествие в Сахару - это погружение в удивительный мир, где природа \n    адаптируется к непростым условиям жизни. Эта пустыня ошеломляет своей красотой и непростой жизнью, и исследование \n    ее предлагает уникальный опыт встречи с природой в ее самых суровых проявлениях.</p> </body>",
        "image": "image_entry/5.jpg",
        "pub_date": "2023-04-01T00:00:00Z",
        "status": "published",
        "mod_date": "2024-03-17",
        "number_of_comments": 4,
        "number_of_pingbacks": 0,
        "rating": 3.4,
        "authors": [
            9,
            10,
            17
        ],
        "tags": [
            1,
            2
        ]
    }
},
{
    "model": "app.entry",
    "pk": 6,
    "fields": {
        "blog": 2,
        "headline": "Рецепты блюд из итальянской кухни",
        "slug_headline": "recepty-blyud-iz-italyanskoj-kuhni",
        "summary": "Итальянская кухня славится своим богатством вкусов и \nразнообразием блюд. В этой статье мы поделимся с вами несколькими \nклассическими рецептами, которые позволят вам окунуться в мир \nитальянской гастрономии. Вы узнаете, как приготовить настоящую пасту аль \nденте, как приготовить вкуснейшие пиццы с разнообразными начинками и как \nприготовить итальянские десерты, например, тирамису. Раскройте секреты \nитальянской кухни и порадуйте себя и своих близких аутентичными и \nвкусными блюдами.",
        "body_text": "<p>Итальянская кухня славится своим богатством вкусов и разнообразием блюд. В этой статье мы \n     поделимся с вами несколькими классическими рецептами, которые позволят вам окунуться в мир итальянской \n     гастрономии.</p>\n\n    <p>Первым шагом в приготовлении аутентичных итальянских блюд является научиться готовить настоящую пасту \"аль \n    денте\". Этот термин означает, что паста должна быть упругой и приятной на вкус, с небольшим остатком железистости \n    при жевании.</p>\n\n    <p>Далее, вы узнаете, как приготовить вкуснейшие пиццы с разнообразными начинками. Пицца - это не просто быстрый \n    ужин, это искусство! Мы расскажем вам о секретах приготовления тонкого хрустящего теста и идеальных сочетаниях \n    ингредиентов для начинки.</p>\n\n    <p>И, конечно, не забудем про итальянские десерты. Вы узнаете, как приготовить тирамису - сладкое и нежное блюдо, \n    которое завершит ваш обед или ужин с изыском.</p>\n\n    <p><strong>В заключении,</strong> раскройте секреты итальянской кухни и порадуйте себя и своих близких \n    аутентичными и вкусными блюдами. Итальянская кухня - это настоящее путешествие в мир вкуса и страсти к еде, \n    которое вы сможете повторить в своей собственной кухне.</p>",
        "image": "image_entry/6.jpg",
        "pub_date": "2023-01-01T00:00:00Z",
        "status": "published",
        "mod_date": "2024-03-17",
        "number_of_comments": 10,
        "number_of_pingbacks": 0,
        "rating": 3.5,
        "authors": [
            6,
            14
        ],
        "tags": [
            3
        ]
    }
},
{
    "model": "app.entry",
    "pk": 7,
    "fields": {
        "blog": 2,
        "headline": "Приготовление собственного хлеба",
        "slug_headline": "prigotovlenie-sobstvennogo-hleba",
        "summary": "Аромат свежеиспеченного хлеба заполняет дом и создает \nуютную атмосферу. В этой статье мы расскажем вам о процессе \nприготовления хлеба в домашних условиях. Вы узнаете, как подготовить \nтесто, как правильно расстойку и выпекать хлеб. Мы также поделимся с \nвами различными рецептами хлеба, от классического французского багета до \nароматного кукурузного хлеба. Приготовьте свой собственный хлеб и \nнаслаждайтесь его неповторимым вкусом и ароматом.",
        "body_text": "<p>Полный текст статьи.</p>",
        "image": "image_entry/7.jpg",
        "pub_date": "2023-08-01T00:00:00Z",
        "status": "published",
        "mod_date": "2024-03-17",
        "number_of_comments": 7,
        "number_of_pingbacks": 7,
        "rating": 2.3,
        "authors": [
            9
        ],
        "tags": [
            3
        ]
    }
},
{
    "model": "app.entry",
    "pk": 8,
    "fields": {
        "blog": 2,
        "headline": "Экзотические специи и их использование",
        "slug_headline": "ekzoticheskie-specii-i-ih-ispolzovanie",
        "summary": "Экзотические специи добавляют в блюда особый вкус и \nаромат. В этой статье мы представим вам несколько интересных \nэкзотических специй и расскажем, как их использовать в кулинарии. \nУзнайте о чили, корице, куркуме, кардамоне и других специях, которые \nпридают блюдам уникальные оттенки. Мы также поделимся с вами рецептами, \nв которых экзотические специи станут настоящими героями. Откройте новые \nгастрономические горизонты с помощью экзотических специй.",
        "body_text": "<p>Экзотические специи - это неотъемлемая часть многих кулинарных традиций по всему миру. Они \n     придают блюдам особый вкус и аромат, создавая уникальные оттенки в гастрономическом опыте. В этой статье мы \n     представим вам несколько интересных экзотических специй и расскажем, как их использовать в кулинарии.</p>\n\n    <p>Одной из самых популярных экзотических специй является чили. Его острая и пикантная природа делает его \n    идеальным для приготовления пикантных блюд, таких как мексиканская сальса или индийский карри.</p>\n\n    <p>Корица - это специя с богатой историей и сладким ароматом. Она часто используется в выпечке, горячих напитках \n    и десертах. Куркум - это ярко-желтая специя с острым вкусом, которая часто применяется в азиатской кулинарии, \n    особенно в блюдах с рисом и карри.</p>\n\n    <p>Кардамон - это специя с богатым ароматом и нотками цитрусовых. Она прекрасно сочетается с различными видами \n    чая и кофе. Мы также поделимся с вами рецептами, в которых экзотические специи станут настоящими героями, \n    придавая блюдам уникальные и незабываемые вкусы.</p>\n\n    <p><strong>В заключении,</strong> экзотические специи - это ключ к расширению вашего кулинарного опыта и открытию \n    новых гастрономических горизонтов. Используйте их с умом и творчеством, чтобы создавать блюда, которые будут \n    радовать вас и ваших близких.</p>",
        "image": "image_entry/8.jpg",
        "pub_date": "2022-12-01T00:00:00Z",
        "status": "published",
        "mod_date": "2024-03-17",
        "number_of_comments": 2,
        "number_of_pingbacks": 4,
        "rating": 4.2,
        "authors": [
            4,
            8
        ],
        "tags": [
            3
        ]
    }
},
{
    "model": "app.entry",
    "pk": 9,
    "fields": {
        "blog": 2,
        "headline": "Десерты для настоящих сладкоежек",
        "slug_headline": "deserty-dlya-nastoyashchih-sladkoezhek",
        "summary": "Нет ничего лучше, чем насладиться вкусным десертом после \nобеда или вечернего ужина. В этой статье мы представим вам несколько \nрецептов десертов, которые понравятся настоящим сладкоежкам. Вы узнаете, \nкак приготовить шоколадный торт, воздушные пирожные, фруктовые салаты и \nмногое другое. Мы также поделимся с вами советами по украшению десертов, \nчтобы они выглядели так же аппетитно, как и вкусны. Разбудите свою \nсладкую сторону и порадуйте себя и своих близких великолепными \nдесертами.",
        "body_text": "<p>Нет ничего лучше, чем завершить обед или вечерний ужин вкусным десертом. В этой статье мы \n     представим вам несколько невероятных рецептов десертов, которые точно понравятся настоящим сладкоежкам.</p>\n\n    <p>Первым в списке наших десертов является шоколадный торт. Этот нежный и насыщенный десерт покорит сердца всех \n    любителей шоколада. Мы расскажем вам о секретах его приготовления, чтобы каждый битый кусочек был настоящим \n    удовольствием.</p>\n\n    <p>Далее, вы узнаете, как приготовить воздушные пирожные, которые просто тают во рту. Эти маленькие сладости \n    можно украсить разнообразными начинками, чтобы они соответствовали вашему вкусу.</p>\n\n    <p>Не забудем и о здоровых вариантах десертов. Мы представим вам рецепты фруктовых салатов, которые насытят вас \n    витаминами и сделают десерт полезным и вкусным.</p>\n\n    <p><strong>В заключении,</strong> разбудите свою сладкую сторону и порадуйте себя и своих близких великолепными \n    десертами. Наши рецепты и советы по украшению помогут вам создать удивительные сладкие наслаждения, \n    которые поднимут настроение и сделают ваш обед или ужин особенными.</p>",
        "image": "image_entry/9.jpg",
        "pub_date": "2023-12-01T00:00:00Z",
        "status": "published",
        "mod_date": "2024-03-17",
        "number_of_comments": 4,
        "number_of_pingbacks": 9,
        "rating": 4.9,
        "authors": [
            4
        ],
        "tags": [
            3
        ]
    }
},
{
    "model": "app.entry",
    "pk": 10,
    "fields": {
        "blog": 2,
        "headline": "Гастрономическое путешествие по Франции",
        "slug_headline": "gastronomicheskoe-puteshestvie-po-francii",
        "summary": "Франция - страна, известная своей утонченной кухней и \nбогатством гастрономического наследия. В этой статье мы предлагаем вам \nотправиться в увлекательное гастрономическое путешествие по Франции. Вы \nузнаете о различных региональных блюдах, таких как рататуй из Ниццы, \nкрепкий сырный суфле из Савойи, нежное фуа-гра из Лангедока и многое \nдругое. Мы расскажем вам о французских винных регионах и предложим \nподборки местных вин, которые отлично сочетаются с блюдами. Погрузитесь \nво французскую гастрономию и насладитесь великолепными вкусами и \nароматами.",
        "body_text": "<p>Франция - это страна, известная своей утонченной кухней и богатством гастрономического \n     наследия. В этой статье мы предлагаем вам отправиться в увлекательное гастрономическое путешествие по Франции.</p>\n\n    <p>В разных регионах Франции существуют уникальные блюда, которые отражают местные традиции и ингредиенты. \n    Например, в Ницце вы можете попробовать рататуй - овощное блюдо, приготовленное из местных овощей и томатов.</p>\n\n    <p>В регионе Савойя известно своими крепкими сырами, и крепкий сырный суфле - это настоящая гастрономическая \n    находка. Оно сочетает в себе нежность и насыщенный вкус французских сыров.</p>\n\n    <p>Фуа-гра, деликатес из Лангедока, представляет собой нежную печень утки или гуся. Это блюдо часто считается \n    изысканной деликатесом и частью французской гастрономической традиции.</p>\n\n    <p>И, конечно, мы не можем обойти стороной французские вина. Франция известна своими винными регионами, \n    и мы предложим вам подборки местных вин, которые отлично сочетаются с блюдами Франции, создавая гармонию вкусов и \n    ароматов.</p>\n\n    <p><strong>В заключении,</strong> погрузитесь во французскую гастрономию и насладитесь великолепными вкусами и \n    ароматами. Французская кухня - это настоящее искусство, которое оставит незабываемые впечатления и запомнитесь \n    вам на всю жизнь.</p>",
        "image": "image_entry/10.jpg",
        "pub_date": "2023-01-01T00:00:00Z",
        "status": "published",
        "mod_date": "2024-03-17",
        "number_of_comments": 5,
        "number_of_pingbacks": 5,
        "rating": 4.8,
        "authors": [
            2,
            17
        ],
        "tags": [
            1,
            3
        ]
    }
},
{
    "model": "app.entry",
    "pk": 11,
    "fields": {
        "blog": 3,
        "headline": "Упражнения для поддержания физической формы",
        "slug_headline": "uprazhneniya-dlya-podderzhaniya-fizicheskoj-formy",
        "summary": "В этой статье мы представим вам набор упражнений, \nкоторые помогут поддерживать вашу физическую форму. Вы узнаете о \nразличных видах тренировок, включая кардио, силовые упражнения и \nгибкость. Мы также поделимся с вами советами по правильной технике \nвыполнения упражнений и расскажем о преимуществах регулярных \nтренировок.",
        "body_text": "<p>В этой статье мы представим вам набор упражнений, которые помогут поддерживать вашу \n     физическую форму. Регулярная тренировка - ключ к здоровью и благополучию.</p>\n\n    <p>Сначала мы рассмотрим кардио-тренировки, которые способствуют укреплению сердечно-сосудистой системы и \n    сжиганию лишних калорий. Бег, плавание, велосипед и ходьба - все это отличные способы улучшить вашу \n    выносливость.</p>\n\n    <p>Далее, вы узнаете о силовых тренировках, которые помогут вам развивать мышцы и укреплять костную ткань. \n    Поднимайте гантели, делайте отжимания и приседания, чтобы укрепить свое тело.</p>\n\n    <p>Гибкость также играет важную роль в общей физической форме. Растяжка и йога помогут вам сохранить гибкость \n    суставов и мышц, а также предотвратить травмы.</p>\n\n    <p><strong>В заключении,</strong> регулярные тренировки - это залог здоровья и активной жизни. Выбирайте виды \n    тренировок, которые вам нравятся, следуйте правильной технике, и вы ощутите преимущества тренировок в полной \n    мере.</p>",
        "image": "image_entry/11.jpg",
        "pub_date": "2023-10-01T00:00:00Z",
        "status": "published",
        "mod_date": "2024-03-17",
        "number_of_comments": 2,
        "number_of_pingbacks": 3,
        "rating": 5.0,
        "authors": [
            6
        ],
        "tags": [
            4,
            14
        ]
    }
},
{
    "model": "app.entry",
    "pk": 12,
    "fields": {
        "blog": 3,
        "headline": "Здоровое питание: полезные рецепты",
        "slug_headline": "zdorovoe-pitanie-poleznye-recepty",
        "summary": "В этой статье вы найдете полезные рецепты, которые \nпомогут вам поддерживать здоровое питание. Мы поделимся с вами идеями \nдля здоровых завтраков, обедов и ужинов, а также вкусными и полезными \nперекусами. Вы узнаете о важности баланса питательных веществ и получите \nрекомендации по выбору качественных продуктов.",
        "body_text": "<p>Полный текст статьи.</p>",
        "image": "image_entry/12.jpg",
        "pub_date": "2023-05-01T00:00:00Z",
        "status": "published",
        "mod_date": "2024-03-17",
        "number_of_comments": 7,
        "number_of_pingbacks": 20,
        "rating": 3.9,
        "authors": [
            4
        ],
        "tags": [
            14,
            15
        ]
    }
},
{
    "model": "app.entry",
    "pk": 13,
    "fields": {
        "blog": 3,
        "headline": "Топ-10 фитнес-тренеров для вдохновения",
        "slug_headline": "top-10-fitnes-trenerov-dlya-vdohnoveniya",
        "summary": "В этой статье мы представим вам десять вдохновляющих \nфитнес-тренеров, которые помогут вам достичь ваших фитнес-целей. Мы \nрасскажем вам о их достижениях, тренировочных программах и философии \nздорового образа жизни. Вы сможете найти тренера, который соответствует \nвашим потребностям и станет вашим источником мотивации.",
        "body_text": "<p>В этой статье мы представим вам десять вдохновляющих фитнес-тренеров, которые помогут вам \n     достичь ваших фитнес-целей. Узнайте больше о профессионалах, готовых поделиться своими знаниями и опытом.</p>\n\n    <p>Каждый из этих тренеров имеет внушительный опыт и заслуженную репутацию в мире фитнеса. Они разработали \n    эффективные тренировочные программы, которые подходят для разных уровней подготовки и целей.</p>\n\n    <p>Но фитнес - это не только физические упражнения. Эти тренеры также поделятся своей философией здорового образа \n    жизни, включая питание и психологическую составляющую.</p>\n\n    <p>Выберите тренера, который соответствует вашим потребностям и станет вашим источником мотивации. Независимо от \n    того, хотите ли вы улучшить физическую форму, набрать мышечную массу или просто поддерживать здоровый образ \n    жизни, у наших тренеров есть что предложить.</p>\n\n    <p><strong>В заключении,</strong> вдохновитесь и начните свой путь к здоровью и фитнесу вместе с этими \n    талантливыми тренерами. Они помогут вам достичь ваших целей и подарят вам здоровый образ жизни.</p>",
        "image": "image_entry/13.jpg",
        "pub_date": "2024-01-01T00:00:00Z",
        "status": "published",
        "mod_date": "2024-03-17",
        "number_of_comments": 1,
        "number_of_pingbacks": 4,
        "rating": 2.9,
        "authors": [
            8
        ],
        "tags": [
            4
        ]
    }
},
{
    "model": "app.entry",
    "pk": 14,
    "fields": {
        "blog": 3,
        "headline": "Как правильно заниматься йогой",
        "slug_headline": "kak-pravilno-zanimatsya-jogoj",
        "summary": "В этой статье мы расскажем вам о правильном подходе к \nзанятиям йогой. Вы узнаете о различных стилях йоги, основных асанах и \nдыхательных упражнениях. Мы также поделимся с вами советами по созданию \nкомфортной атмосферы для практики йоги и о том, как получить \nмаксимальную пользу от этой древней практики.",
        "body_text": "<p>В этой статье мы расскажем вам о правильном подходе к занятиям йогой. Йога - это не только \n     физические упражнения, но и духовная практика, которая способствует гармонии тела и ума.</p>\n\n    <p>Сначала мы поговорим о различных стилях йоги, включая Хатха, Виньяса, Аштанга и другие. Каждый стиль имеет \n    свои особенности и подходит для разных целей и уровней подготовки.</p>\n\n    <p>Затем вы узнаете об основных асанах (позах) и дыхательных упражнениях, которые помогут вам развивать гибкость, \n    силу и внимание к дыханию. Постепенно осваивайте асаны и не забывайте о важности правильной техники.</p>\n\n    <p>Для успешной практики йоги также важна атмосфера. Мы поделимся с вами советами по созданию уютного и \n    спокойного места для занятий. Медитация и пранаяма (дыхательные упражнения) помогут вам достичь гармонии ума и \n    тела.</p>\n\n    <p><strong>В заключении,</strong> йога - это путь к здоровью и внутреннему равновесию. Начните свою практику с \n    правильным подходом, учите новые асаны и наслаждайтесь пользой для своего тела и души.</p>",
        "image": "image_entry/14.jpg",
        "pub_date": "2024-02-01T09:00:00Z",
        "status": "published",
        "mod_date": "2024-03-17",
        "number_of_comments": 0,
        "number_of_pingbacks": 0,
        "rating": 4.1,
        "authors": [
            10,
            15
        ],
        "tags": [
            4
        ]
    }
},
{
    "model": "app.entry",
    "pk": 15,
    "fields": {
        "blog": 3,
        "headline": "Секреты успешного похудения",
        "slug_headline": "sekrety-uspeshnogo-pohudeniya",
        "summary": "В этой статье мы раскроем перед вами секреты успешного \nпохудения. Вы узнаете о правильном подходе к питанию, регулярной \nфизической активности и психологической поддержке. Мы поделимся с вами \nстратегиями управления весом, методами измерения прогресса и советами по \nподдержанию мотивации в течение всего процесса похудения.",
        "body_text": "<p>В этой статье мы раскроем перед вами секреты успешного похудения. Достижение и поддержание \n     здорового веса - это результат комплексного подхода, включающего в себя правильное питание, регулярную \n     физическую активность и психологическую поддержку.</p>\n\n    <p>Правильное питание - ключевой элемент процесса похудения. Мы расскажем вам о здоровых пищевых привычках, \n    балансе макро- и микроэлементов, а также о том, как контролировать порции и избегать излишних калорий.</p>\n\n    <p>Физическая активность не только помогает сжигать лишние калории, но и укрепляет мышцы и повышает общее \n    самочувствие. Мы поделимся с вами стратегиями тренировок, которые способствуют эффективному похудению и улучшению \n    физической формы.</p>\n\n    <p>Психологическая поддержка также играет важную роль. Вы узнаете о методах управления стрессом, поддержании \n    мотивации и справлении с эмоциональными проблемами, которые могут возникнуть во время похудения.</p>\n\n    <p><strong>В заключении,</strong> похудение - это долгосрочный процесс, требующий терпения и усилий. Однако, \n    с правильным подходом и стратегиями, вы можете достичь своих целей и поддерживать здоровый образ жизни.</p>",
        "image": "image_entry/15.jpg",
        "pub_date": "2023-04-01T06:00:00Z",
        "status": "published",
        "mod_date": "2024-03-17",
        "number_of_comments": 5,
        "number_of_pingbacks": 4,
        "rating": 4.2,
        "authors": [
            10
        ],
        "tags": [
            14,
            15
        ]
    }
},
{
    "model": "app.entry",
    "pk": 16,
    "fields": {
        "blog": 4,
        "headline": "Последние тренды в мире искусственного интеллекта",
        "slug_headline": "poslednie-trendy-v-mire-iskusstvennogo-intellekta",
        "summary": "В этой статье мы расскажем о последних трендах в мире \nискусственного интеллекта. Вы узнаете о новейших разработках, применении \nискусственного интеллекта в различных областях, таких как медицина, \nтранспорт, финансы и многое другое. Мы также обсудим перспективы и \nвызовы, с которыми сталкиваются исследователи и разработчики в этой \nинновационной сфере.",
        "body_text": "<p>В этой статье мы расскажем о последних трендах в мире искусственного интеллекта. \n     Искусственный интеллект (ИИ) продолжает привлекать внимание и инновационные разработки в различных областях.</p>\n\n    <p>Новейшие разработки в области медицины, такие как машинное обучение для диагностики болезней и разработка \n    лекарств, открывают новые возможности для спасения жизней и улучшения качества медицинской помощи.</p>\n\n    <p>Искусственный интеллект также играет важную роль в сфере транспорта, автономных автомобилей и сетей \n    общественного транспорта, что способствует повышению безопасности и эффективности.</p>\n\n    <p>В финансовой сфере ИИ используется для прогнозирования рыночных трендов, управления рисками и обнаружения \n    мошенничества. Это помогает банкам и инвесторам принимать более обоснованные решения.</p>\n\n    <p>Однако, вместе с возможностями ИИ существуют и вызовы, такие как вопросы конфиденциальности данных и этические \n    аспекты. <strong>В заключении,</strong> искусственный интеллект продолжает преобразовывать мир, и его будущее \n    остается захватывающим исследовательским полем.</p>",
        "image": "image_entry/16.jpg",
        "pub_date": "2024-02-01T06:00:00Z",
        "status": "published",
        "mod_date": "2024-03-17",
        "number_of_comments": 0,
        "number_of_pingbacks": 0,
        "rating": 4.7,
        "authors": [
            4,
            9
        ],
        "tags": [
            8,
            17
        ]
    }
},
{
    "model": "app.entry",
    "pk": 17,
    "fields": {
        "blog": 4,
        "headline": "Развитие интернета вещей: будущее или реальность?",
        "slug_headline": "razvitie-interneta-veshchej-budushchee-ili-realnost",
        "summary": "В этой статье мы рассмотрим развитие интернета вещей и \nвыясним, насколько это будущее уже стало реальностью. Вы узнаете о \nпринципах работы интернета вещей, его преимуществах и вызовах. Мы также \nрассмотрим конкретные примеры применения интернета вещей в различных \nсферах, таких как умный дом, здравоохранение, промышленность и \nтранспорт.",
        "body_text": "<p>В этой статье мы рассмотрим развитие интернета вещей и выясним, насколько это будущее уже \n     стало реальностью. Интернет вещей (IoT) представляет собой концепцию, в которой устройства и предметы \n     оборудованы сенсорами и соединены с интернетом, чтобы обмениваться данными и выполнять различные задачи.</p>\n\n    <p>Принцип работы IoT заключается в сборе данных от устройств, их анализе и использовании для оптимизации \n    процессов. Это позволяет улучшить эффективность и контроль в различных областях, включая умный дом, где вы можете \n    управлять освещением и отоплением с помощью смартфона.</p>\n\n    <p>Важными преимуществами IoT являются повышение уровня автоматизации, экономия времени и ресурсов, \n    а также создание новых возможностей для бизнеса и инноваций в медицине и здравоохранении.</p>\n\n    <p>Однако, развитие IoT также сталкивается с вызовами, связанными с безопасностью данных и приватностью. \n    Злоумышленники могут попытаться взломать устройства IoT, что создает потенциальные риски.</p>\n\n    <p><strong>В заключении,</strong> интернет вещей представляет собой важное направление в развитии технологий, \n    и его влияние на нашу повседневную жизнь продолжает расти. От наших домов до индустрии и здравоохранения, \n    IoT меняет мир вокруг нас.</p>",
        "image": "image_entry/17.jpg",
        "pub_date": "2022-02-01T06:00:00Z",
        "status": "published",
        "mod_date": "2024-03-17",
        "number_of_comments": 8,
        "number_of_pingbacks": 8,
        "rating": 4.4,
        "authors": [
            6
        ],
        "tags": [
            7,
            10
        ]
    }
},
{
    "model": "app.entry",
    "pk": 18,
    "fields": {
        "blog": 4,
        "headline": "Новые гаджеты и устройства: обзор рынка",
        "slug_headline": "novye-gadzhety-i-ustrojstva-obzor-rynka",
        "summary": "В этой статье мы представим вам обзор рынка новых \nгаджетов и устройств. Вы узнаете о самых актуальных технологических \nновинках, таких как смартфоны, ноутбуки, планшеты, умные часы и другие \nустройства. Мы расскажем о их особенностях, возможностях и тенденциях \nразвития. Эта статья поможет вам быть в курсе последних технологических \nдостижений и сделать информированный выбор при покупке нового гаджета.",
        "body_text": "<p>В этой статье мы представим вам обзор рынка новых гаджетов и устройств. Сегодня \n     технологический мир развивается со скоростью света, и каждый день на рынке появляются новые устройства и \n     технологии.</p>\n\n    <p>Смартфоны остаются одними из самых востребованных гаджетов, и производители постоянно улучшают их \n    характеристики. Вы узнаете о последних моделях с инновационными функциями и камерами, способными конкурировать с \n    профессиональными фотоаппаратами.</p>\n\n    <p>Ноутбуки и планшеты также продолжают развиваться, предлагая более мощные процессоры, высокое разрешение \n    экранов и удобство для работы и развлечений.</p>\n\n    <p>Умные часы становятся неотъемлемой частью повседневной жизни, предоставляя удобный доступ к информации, \n    мониторингу здоровья и даже возможность управлять умным домом.</p>\n\n    <p><strong>В заключении,</strong> быть в курсе последних технологических достижений важно, чтобы сделать \n    правильный выбор при покупке нового гаджета. Новые функции и улучшения в устройствах делают нашу жизнь более \n    комфортной и увлекательной.</p>",
        "image": "image_entry/18.jpg",
        "pub_date": "2021-06-01T06:00:00Z",
        "status": "published",
        "mod_date": "2024-03-17",
        "number_of_comments": 20,
        "number_of_pingbacks": 1,
        "rating": 3.5,
        "authors": [
            8
        ],
        "tags": [
            8,
            19
        ]
    }
},
{
    "model": "app.entry",
    "pk": 19,
    "fields": {
        "blog": 4,
        "headline": "Кибербезопасность: защита вашей конфиденциальности",
        "slug_headline": "kiberbezopasnost-zashchita-vashej-konfidencialnosti",
        "summary": "В этой статье мы обсудим вопросы кибербезопасности и \nзащиты вашей конфиденциальности в цифровом мире. Вы узнаете о \nраспространенных угрозах, с которыми сталкиваются пользователи, \nи о методах защиты от киберпреступников. Мы поделимся с вами советами по \nсозданию надежных паролей, использованию антивирусных программ, защите \nсвоих персональных данных и осознанному поведению в онлайн-среде.",
        "body_text": "\n     <p>В этой статье мы обсудим вопросы кибербезопасности и защиты вашей конфиденциальности в цифровом мире. В \n    современном интернете существует множество угроз, и важно быть готовыми к их предотвращению и реагированию.</p>\n\n    <p>Распространенные угрозы включают в себя вирусы, вредоносные программы и хакерские атаки. Для защиты вашего \n    устройства от таких угроз, важно установить надежное антивирусное программное обеспечение и обновлять его \n    регулярно.</p>\n\n    <p>Создание сильных и уникальных паролей для всех ваших онлайн-аккаунтов также является важным аспектом \n    кибербезопасности. Мы расскажем о методах создания надежных паролей и рекомендациях по их хранению.</p>\n\n    <p>Защита персональных данных - это ключевой момент в цифровой безопасности. Мы предоставим вам советы о том, \n    как обеспечить конфиденциальность ваших личных данных и как реагировать в случае их утечки.</p>\n\n    <p><strong>В заключении,</strong> осознанное поведение в онлайн-среде и применение соответствующих мер \n    предосторожности могут существенно уменьшить риск столкновения с киберугрозами. Защитите себя и свои данные, \n    следуя нашим советам по кибербезопасности.</p>",
        "image": "image_entry/19.jpg",
        "pub_date": "2021-09-01T06:00:00Z",
        "status": "published",
        "mod_date": "2024-03-17",
        "number_of_comments": 12,
        "number_of_pingbacks": 6,
        "rating": 3.8,
        "authors": [
            11
        ],
        "tags": [
            8,
            14,
            18
        ]
    }
},
{
    "model": "app.entry",
    "pk": 20,
    "fields": {
        "blog": 4,
        "headline": "Инновации в области виртуальной реальности",
        "slug_headline": "innovacii-v-oblasti-virtualnoj-realnosti",
        "summary": "В этой статье мы расскажем о последних инновациях в \nобласти виртуальной реальности. Вы узнаете о новейших разработках, \nиспользующих виртуальную и дополненную реальность, и о том, как эти \nтехнологии меняют различные отрасли, включая игровую индустрию, \nобразование, медицину и бизнес. Мы также обсудим потенциал и перспективы \nразвития виртуальной реальности и ее влияние на нашу жизнь.",
        "body_text": "<p>В этой статье мы расскажем о последних инновациях в области виртуальной реальности. \n     Современные технологии позволяют нам погрузиться в удивительные виртуальные миры и переживать невероятные \n     приключения.</p>\n\n    <p>Игровая индустрия нашла огромное применение в виртуальной реальности, предлагая игрокам уникальный опыт и \n    возможность полностью погрузиться в игровой процесс. Однако виртуальная реальность нашла применение не только в \n    развлечениях.</p>\n\n    <p>Образовательные учреждения используют виртуальную реальность для создания интерактивных уроков и обучающих \n    симуляторов. Это позволяет учащимся более глубоко понимать учебный материал и учиться более эффективно.</p>\n\n    <p>Медицинская сфера также внедряет виртуальную реальность для обучения хирургов и реабилитации пациентов. \n    Технология помогает улучшить процессы диагностики и лечения различных заболеваний.</p>\n\n    <p><strong>В заключении,</strong> виртуальная реальность становится все более доступной и востребованной \n    технологией, которая меняет наш мир. Ее потенциал бесконечен, и мы можем ожидать еще больших инноваций в \n    будущем.</p>",
        "image": "image_entry/20.jpg",
        "pub_date": "2021-08-01T06:00:00Z",
        "status": "published",
        "mod_date": "2024-03-17",
        "number_of_comments": 12,
        "number_of_pingbacks": 25,
        "rating": 4.9,
        "authors": [
            4
        ],
        "tags": [
            7,
            8
        ]
    }
},
{
    "model": "app.entry",
    "pk": 21,
    "fields": {
        "blog": 5,
        "headline": "Тенденции моды на текущий сезон",
        "slug_headline": "tendencii-mody-na-tekushchij-sezon",
        "summary": "В этой статье мы расскажем о главных тенденциях моды на \nтекущий сезон. Вы узнаете о модных цветах, принтах, фасонах и \nаксессуарах, которые будут актуальны в этом сезоне. Мы также предложим \nвам идеи и советы по созданию стильных образов с использованием новых \nмодных трендов. Будьте в тренде и выглядите модно в этом сезоне!",
        "body_text": "<p>В этой статье мы расскажем о главных тенденциях моды на текущий сезон. Модная индустрия \n     постоянно меняется, и важно быть в курсе последних новинок и трендов.</p>\n\n    <p>Один из главных модных акцентов этого сезона - это использование ярких и насыщенных цветов. Мы расскажем о \n    самых актуальных оттенках и комбинациях, которые придают вашему образу яркость и оригинальность.</p>\n\n    <p>Принты также играют важную роль в моде. В текущем сезоне популярны геометрические узоры, цветочные мотивы и \n    абстрактные рисунки. Мы предложим идеи по сочетанию принтов в одном образе.</p>\n\n    <p>Фасоны и силуэты также подвергаются изменениям. Вы узнаете о модных длинах юбок и платьев, а также о том, \n    какие элементы одежды придают фигуре изящество и грацию.</p>\n\n    <p><strong>В заключение,</strong> следите за текущими модными тенденциями, но не забывайте, что важнее всего - \n    это комфорт и уверенность в себе. Используйте наши советы, чтобы создать стильные образы, которые подчеркивают \n    вашу индивидуальность.</p> </body>",
        "image": "image_entry/21.jpg",
        "pub_date": "2022-09-01T06:00:00Z",
        "status": "published",
        "mod_date": "2024-03-17",
        "number_of_comments": 8,
        "number_of_pingbacks": 20,
        "rating": 5.0,
        "authors": [
            2,
            3,
            11
        ],
        "tags": [
            11,
            17
        ]
    }
},
{
    "model": "app.entry",
    "pk": 22,
    "fields": {
        "blog": 5,
        "headline": "Как создать стильный образ на каждый день",
        "slug_headline": "kak-sozdat-stilnyj-obraz-na-kazhdyj-den",
        "summary": "В этой статье мы поделимся с вами секретами создания \nстильного образа на каждый день. Вы узнаете о базовых элементах \nгардероба, которые помогут вам выглядеть модно и уверенно в любой \nситуации. Мы предложим вам простые идеи по комбинированию одежды, \nвыбору аксессуаров и созданию гармоничного образа. Будьте стильными \nкаждый день и выражайте свою индивидуальность через моду!",
        "body_text": "<p>В этой статье мы поделимся с вами секретами создания стильного образа на каждый день. \n     Независимо от вашего стиля, важно иметь базовые элементы гардероба, которые помогут вам выглядеть модно и \n     уверенно в любой ситуации.</p>\n\n    <p>Одним из ключевых элементов стильного образа является правильный выбор базовой одежды. Базовые вещи, \n    такие как белая рубашка, джинсы и черное платье, могут стать основой вашего гардероба и сочетаться с разными \n    стилями и аксессуарами.</p>\n\n    <p>Важным аспектом создания образа является также аксессуары. Они добавляют индивидуальности вашему стилю и могут \n    преобразить даже самый простой наряд. Подбирайте аксессуары, которые отражают вашу личность.</p>\n\n    <p>Не забывайте об удобстве. Стиль и комфорт могут идти рука об руку. Подбирайте обувь и одежду, в которых вам \n    будет удобно и комфортно проводить день.</p>\n\n    <p><strong>В заключение,</strong> будьте стильными каждый день и выражайте свою индивидуальность через моду. \n    Используйте наши советы, чтобы создать гармоничный образ, который подчеркивает вашу уникальность.</p> </body>",
        "image": "image_entry/22.jpg",
        "pub_date": "2024-02-01T12:00:00Z",
        "status": "published",
        "mod_date": "2024-03-17",
        "number_of_comments": 0,
        "number_of_pingbacks": 0,
        "rating": 0.0,
        "authors": [
            6,
            7
        ],
        "tags": [
            12,
            16
        ]
    }
},
{
    "model": "app.entry",
    "pk": 23,
    "fields": {
        "blog": 5,
        "headline": "История моды: от ретро до современности",
        "slug_headline": "istoriya-mody-ot-retro-do-sovremennosti",
        "summary": "В этой статье мы проведем вас через историю моды, \nначиная от ретро стиля до современных тенденций. Вы узнаете о модных \nэпохах, значимых дизайнерах и их влиянии на моду. Мы расскажем о \nключевых характеристиках каждой эпохи и источниках вдохновения. \nПогрузитесь в мир моды и узнайте, как прошлое влияет на современные \nтенденции.",
        "body_text": "<p>В этой статье мы проведем вас через историю моды, начиная от ретро стиля до современных \n     тенденций. Мода - это не только одежда, но и отражение культурных изменений и социальных сдвигов в обществе.</p>\n\n    <p>Первая часть нашего путешествия будет посвящена ретро стилю. Ретро - это возвращение к модным тенденциям \n    прошлых десятилетий. Эпохи 20-х, 50-х, 70-х годов оказали огромное влияние на современную моду. Ретро вдохновляет \n    дизайнеров создавать уникальные коллекции, объединяя старое с новым.</p>\n\n    <p>Далее мы перейдем к разговору о современных тенденциях в моде. Сегодняшняя мода меняется с бешеной скоростью, \n    и каждый сезон приносит свои тренды. Мы расскажем о влиянии технологий, устойчивой моде и культурных движениях на \n    современные коллекции.</p>\n\n    <p>История моды - это бесконечный источник вдохновения. Дизайнеры учатся у прошлого, чтобы создавать будущее. В \n    этой статье вы найдете ключевые моменты и источники вдохновения, которые сформировали моду такой, какой она есть \n    сегодня.</p>\n\n    <p><strong>В заключение,</strong> мода - это не только область дизайна, но и форма искусства, которая отражает \n    наше общество и индивидуальное выражение стиля. История моды научит вас видеть моду в новом свете и понимать, \n    как она влияет на нашу жизнь.</p>",
        "image": "image_entry/23.jpg",
        "pub_date": "2023-06-01T12:00:00Z",
        "status": "published",
        "mod_date": "2024-03-17",
        "number_of_comments": 2,
        "number_of_pingbacks": 10,
        "rating": 0.0,
        "authors": [
            2
        ],
        "tags": [
            2,
            11
        ]
    }
},
{
    "model": "app.entry",
    "pk": 24,
    "fields": {
        "blog": 5,
        "headline": "Уход за кожей и волосами: лучшие советы",
        "slug_headline": "uhod-za-kozhej-i-volosami-luchshie-sovety",
        "summary": "В этой статье мы поделимся с вами лучшими советами по \nуходу за кожей и волосами. Вы узнаете о правильном выборе косметики, \nежедневном уходе, сезонных рекомендациях и основных принципах ухода за \nкожей и волосами. Мы также расскажем о домашних рецептах и натуральных \nпродуктах, которые помогут вам сохранить здоровье и красоту кожи и \nволос.",
        "body_text": "<p>В этой статье мы поделимся с вами лучшими советами по уходу за кожей и волосами. Здоровая и \n     ухоженная кожа и волосы - это основа красоты и уверенности в себе.</p>\n\n    <p>Правильный выбор косметики - это первый шаг к красивой коже и волосам. Мы расскажем вам, как определить свой \n    тип кожи и волос и подобрать подходящие продукты для ухода. Эффективный уход начинается с правильного выбора \n    средств.</p>\n\n    <p>Ежедневный режим ухода - это залог здоровья и молодости вашей кожи и волос. Мы подробно расскажем о этапах \n    ухода, включая очищение, увлажнение, защиту от солнца и многое другое. Следуя нашим рекомендациям, вы сможете \n    создать эффективную уходовую рутину.</p>\n\n    <p>Смена сезонов требует особого внимания к коже и волосам. Мы предоставим вам сезонные советы и рекомендации, \n    чтобы ваша кожа и волосы всегда оставались здоровыми, независимо от погоды и времени года.</p>\n\n    <p><strong>В заключение,</strong> уход за кожей и волосами - это забота о себе и своем здоровье. Следуя нашим \n    советам, вы сможете достичь красоты и уверенности в себе, которые будут всегда с вами.</p>",
        "image": "image_entry/24.jpg",
        "pub_date": "2023-02-01T12:00:00Z",
        "status": "published",
        "mod_date": "2024-03-17",
        "number_of_comments": 0,
        "number_of_pingbacks": 1,
        "rating": 0.0,
        "authors": [
            5
        ],
        "tags": [
            14
        ]
    }
},
{
    "model": "app.entry",
    "pk": 25,
    "fields": {
        "blog": 5,
        "headline": "Интервью с известными модельерами и дизайнерами",
        "slug_headline": "intervyu-s-izvestnymi-modelerami-i-dizajnerami",
        "summary": "В этой статье мы представим вам интервью с известными \nмодельерами и дизайнерами. Вы узнаете о их вдохновении, творческом \nпроцессе и философии моды. Мы зададим им вопросы о ключевых трендах, \nих видении стиля и роли моды в современном обществе. Будьте в курсе \nмировой моды и получите вдохновение от талантливых дизайнеров!",
        "body_text": "<p>В этой статье мы представим вам интервью с известными модельерами и дизайнерами. Узнайте \n     больше о творческих мастерах, стоящих за кулисами мировой модной индустрии.</p>\n\n    <p>Известные дизайнеры расскажут о своем вдохновении и источниках креативных идей. Вы узнаете, какие факторы \n    вдохновляют их создавать уникальные коллекции и как они преодолевают творческие блоки.</p>\n\n    <p>Мы обсудим с модельерами их философию моды и взгляд на современные тренды. Узнайте, какие ценности и идеи они \n    вкладывают в свои коллекции и как они видят будущее индустрии.</p>\n\n    <p>Дизайнеры также поделятся своими советами для начинающих и расскажут о своем пути к успеху в мире моды. Вы \n    получите уникальную возможность заглянуть в их мастерские и узнать больше о процессе создания модных шедевров.</p>\n\n    <p><strong>В заключение,</strong> интервью с модельерами и дизайнерами - это возможность погрузиться в мир моды, \n    узнать о творческом процессе и получить долю вдохновения от талантливых художников одежды.</p> </body>",
        "image": "image_entry/25.jpg",
        "pub_date": "2023-02-01T12:00:00Z",
        "status": "published",
        "mod_date": "2024-03-17",
        "number_of_comments": 0,
        "number_of_pingbacks": 2,
        "rating": 4.0,
        "authors": [
            5
        ],
        "tags": [
            11,
            13
        ]
    }
},
{
    "model": "app.tag",
    "pk": 1,
    "fields": {
        "name": "Путешествие",
        "slug_name": "puteshectvie",
        "created_at": "2024-03-17T17:14:10.167Z",
        "updated_at": "2024-03-17T17:14:10.167Z"
    }
},
{
    "model": "app.tag",
    "pk": 2,
    "fields": {
        "name": "История",
        "slug_name": "istoriya",
        "created_at": "2024-03-17T17:14:10.169Z",
        "updated_at": "2024-03-17T17:14:10.169Z"
    }
},
{
    "model": "app.tag",
    "pk": 3,
    "fields": {
        "name": "Кулинария",
        "slug_name": "kulinariya",
        "created_at": "2024-03-17T17:14:10.171Z",
        "updated_at": "2024-03-17T17:14:10.171Z"
    }
},
{
    "model": "app.tag",
    "pk": 4,
    "fields": {
        "name": "Фитнес",
        "slug_name": "fitness",
        "created_at": "2024-03-17T17:14:10.174Z",
        "updated_at": "2024-03-17T17:14:10.174Z"
    }
},
{
    "model": "app.tag",
    "pk": 5,
    "fields": {
        "name": "Полезное",
        "slug_name": "poleznoe",
        "created_at": "2024-03-17T17:14:10.176Z",
        "updated_at": "2024-03-17T17:14:10.176Z"
    }
},
{
    "model": "app.tag",
    "pk": 6,
    "fields": {
        "name": "Авторская статья",
        "slug_name": "avtorskaya-statiya",
        "created_at": "2024-03-17T17:14:10.178Z",
        "updated_at": "2024-03-17T17:14:10.178Z"
    }
},
{
    "model": "app.tag",
    "pk": 7,
    "fields": {
        "name": "Новости",
        "slug_name": "novosti",
        "created_at": "2024-03-17T17:14:10.180Z",
        "updated_at": "2024-03-17T17:14:10.180Z"
    }
},
{
    "model": "app.tag",
    "pk": 8,
    "fields": {
        "name": "Технологии",
        "slug_name": "technologii",
        "created_at": "2024-03-17T17:14:10.182Z",
        "updated_at": "2024-03-17T17:14:10.182Z"
    }
},
{
    "model": "app.tag",
    "pk": 9,
    "fields": {
        "name": "ИТ",
        "slug_name": "it",
        "created_at": "2024-03-17T17:14:10.184Z",
        "updated_at": "2024-03-17T17:14:10.184Z"
    }
},
{
    "model": "app.tag",
    "pk": 10,
    "fields": {
        "name": "Развитие",
        "slug_name": "razvitie",
        "created_at": "2024-03-17T17:14:10.185Z",
        "updated_at": "2024-03-17T17:14:10.185Z"
    }
},
{
    "model": "app.tag",
    "pk": 11,
    "fields": {
        "name": "Мода",
        "slug_name": "moda",
        "created_at": "2024-03-17T17:14:10.187Z",
        "updated_at": "2024-03-17T17:14:10.187Z"
    }
},
{
    "model": "app.tag",
    "pk": 12,
    "fields": {
        "name": "Стиль",
        "slug_name": "stil",
        "created_at": "2024-03-17T17:14:10.189Z",
        "updated_at": "2024-03-17T17:14:10.189Z"
    }
},
{
    "model": "app.tag",
    "pk": 13,
    "fields": {
        "name": "Интервью",
        "slug_name": "interview",
        "created_at": "2024-03-17T17:14:10.191Z",
        "updated_at": "2024-03-17T17:14:10.191Z"
    }
},
{
    "model": "app.tag",
    "pk": 14,
    "fields": {
        "name": "Советы",
        "slug_name": "soveti",
        "created_at": "2024-03-17T17:14:10.193Z",
        "updated_at": "2024-03-17T17:14:10.193Z"
    }
},
{
    "model": "app.tag",
    "pk": 15,
    "fields": {
        "name": "Здоровье",
        "slug_name": "zdorovie",
        "created_at": "2024-03-17T17:14:10.195Z",
        "updated_at": "2024-03-17T17:14:10.195Z"
    }
},
{
    "model": "app.tag",
    "pk": 16,
    "fields": {
        "name": "Повседневное",
        "slug_name": "povsednevnoe",
        "created_at": "2024-03-17T17:14:10.197Z",
        "updated_at": "2024-03-17T17:14:10.197Z"
    }
},
{
    "model": "app.tag",
    "pk": 17,
    "fields": {
        "name": "Тренды",
        "slug_name": "trendi",
        "created_at": "2024-03-17T17:14:10.200Z",
        "updated_at": "2024-03-17T17:14:10.200Z"
    }
},
{
    "model": "app.tag",
    "pk": 18,
    "fields": {
        "name": "Безопасность",
        "slug_name": "bezopacnost",
        "created_at": "2024-03-17T17:14:10.202Z",
        "updated_at": "2024-03-17T17:14:10.202Z"
    }
},
{
    "model": "app.tag",
    "pk": 19,
    "fields": {
        "name": "Гаджеты",
        "slug_name": "gadjeti",
        "created_at": "2024-03-17T17:14:10.204Z",
        "updated_at": "2024-03-17T17:14:10.204Z"
    }
},
{
    "model": "app.tag",
    "pk": 20,
    "fields": {
        "name": "Тайна",
        "slug_name": "taina",
        "created_at": "2024-03-17T17:14:10.206Z",
        "updated_at": "2024-03-17T17:14:10.206Z"
    }
},
{
    "model": "app.tag",
    "pk": 21,
    "fields": {
        "name": "Приключение",
        "slug_name": "prikluchenie",
        "created_at": "2024-03-17T17:14:10.208Z",
        "updated_at": "2024-03-17T17:14:10.208Z"
    }
},
{
    "model": "app.comment",
    "pk": 1,
    "fields": {
        "user": 14,
        "entry": 1,
        "text": "Статья интересная, но требует дополнительной информации.",
        "parent": null,
        "created_at": "2024-03-17T17:14:10.469Z",
        "updated_at": "2024-03-17T17:14:10.469Z"
    }
},
{
    "model": "app.comment",
    "pk": 2,
    "fields": {
        "user": 24,
        "entry": 2,
        "text": "Информация в статье полезна, но ожидал большего.",
        "parent": null,
        "created_at": "2024-03-17T17:14:10.472Z",
        "updated_at": "2024-03-17T17:14:10.472Z"
    }
},
{
    "model": "app.comment",
    "pk": 3,
    "fields": {
        "user": 21,
        "entry": 2,
        "text": "Не плохо, но есть место для совершенствования.",
        "parent": null,
        "created_at": "2024-03-17T17:14:10.476Z",
        "updated_at": "2024-03-17T17:14:10.476Z"
    }
},
{
    "model": "app.comment",
    "pk": 4,
    "fields": {
        "user": 13,
        "entry": 2,
        "text": "Отличная статья, много полезной информации!",
        "parent": null,
        "created_at": "2024-03-17T17:14:10.479Z",
        "updated_at": "2024-03-17T17:14:10.479Z"
    }
},
{
    "model": "app.comment",
    "pk": 5,
    "fields": {
        "user": 12,
        "entry": 2,
        "text": "Пустая болтовня, не стоит времени.",
        "parent": null,
        "created_at": "2024-03-17T17:14:10.482Z",
        "updated_at": "2024-03-17T17:14:10.482Z"
    }
},
{
    "model": "app.comment",
    "pk": 6,
    "fields": {
        "user": 34,
        "entry": 2,
        "text": "Статья интересная, но требует дополнительной информации.",
        "parent": null,
        "created_at": "2024-03-17T17:14:10.485Z",
        "updated_at": "2024-03-17T17:14:10.485Z"
    }
},
{
    "model": "app.comment",
    "pk": 7,
    "fields": {
        "user": 8,
        "entry": 2,
        "text": "Автор хорошо изложил материал, но структура может быть улучшена.",
        "parent": null,
        "created_at": "2024-03-17T17:14:10.488Z",
        "updated_at": "2024-03-17T17:14:10.488Z"
    }
},
{
    "model": "app.comment",
    "pk": 8,
    "fields": {
        "user": 20,
        "entry": 2,
        "text": "Информация в статье полезна, но ожидал большего.",
        "parent": null,
        "created_at": "2024-03-17T17:14:10.491Z",
        "updated_at": "2024-03-17T17:14:10.491Z"
    }
},
{
    "model": "app.comment",
    "pk": 9,
    "fields": {
        "user": 39,
        "entry": 2,
        "text": "Пустая болтовня, не стоит времени.",
        "parent": null,
        "created_at": "2024-03-17T17:14:10.494Z",
        "updated_at": "2024-03-17T17:14:10.494Z"
    }
},
{
    "model": "app.comment",
    "pk": 10,
    "fields": {
        "user": 8,
        "entry": 2,
        "text": "Читал с унынием, информация уже известна.",
        "parent": null,
        "created_at": "2024-03-17T17:14:10.497Z",
        "updated_at": "2024-03-17T17:14:10.497Z"
    }
},
{
    "model": "app.comment",
    "pk": 11,
    "fields": {
        "user": 19,
        "entry": 2,
        "text": "Благодарю автора за качественный материал.",
        "parent": null,
        "created_at": "2024-03-17T17:14:10.500Z",
        "updated_at": "2024-03-17T17:14:10.500Z"
    }
},
{
    "model": "app.comment",
    "pk": 12,
    "fields": {
        "user": 33,
        "entry": 2,
        "text": "Информация в статье полезна, но ожидал большего.",
        "parent": null,
        "created_at": "2024-03-17T17:14:10.503Z",
        "updated_at": "2024-03-17T17:14:10.503Z"
    }
},
{
    "model": "app.comment",
    "pk": 13,
    "fields": {
        "user": 35,
        "entry": 3,
        "text": "Пустая болтовня, не стоит времени.",
        "parent": null,
        "created_at": "2024-03-17T17:14:10.506Z",
        "updated_at": "2024-03-17T17:14:10.506Z"
    }
},
{
    "model": "app.comment",
    "pk": 14,
    "fields": {
        "user": 24,
        "entry": 3,
        "text": "Прекрасно написано, легко читается.",
        "parent": null,
        "created_at": "2024-03-17T17:14:10.509Z",
        "updated_at": "2024-03-17T17:14:10.509Z"
    }
},
{
    "model": "app.comment",
    "pk": 15,
    "fields": {
        "user": 17,
        "entry": 3,
        "text": "Благодарю автора за качественный материал.",
        "parent": null,
        "created_at": "2024-03-17T17:14:10.512Z",
        "updated_at": "2024-03-17T17:14:10.512Z"
    }
},
{
    "model": "app.comment",
    "pk": 16,
    "fields": {
        "user": 34,
        "entry": 3,
        "text": "Содержание статьи мне не понравилось.",
        "parent": null,
        "created_at": "2024-03-17T17:14:10.515Z",
        "updated_at": "2024-03-17T17:14:10.515Z"
    }
},
{
    "model": "app.comment",
    "pk": 17,
    "fields": {
        "user": 24,
        "entry": 3,
        "text": "Не плохо, но есть место для совершенствования.",
        "parent": null,
        "created_at": "2024-03-17T17:14:10.518Z",
        "updated_at": "2024-03-17T17:14:10.518Z"
    }
},
{
    "model": "app.comment",
    "pk": 18,
    "fields": {
        "user": 20,
        "entry": 4,
        "text": "Прекрасно написано, легко читается.",
        "parent": null,
        "created_at": "2024-03-17T17:14:10.521Z",
        "updated_at": "2024-03-17T17:14:10.521Z"
    }
},
{
    "model": "app.comment",
    "pk": 19,
    "fields": {
        "user": 28,
        "entry": 4,
        "text": "Автор хорошо изложил материал, но структура может быть улучшена.",
        "parent": null,
        "created_at": "2024-03-17T17:14:10.524Z",
        "updated_at": "2024-03-17T17:14:10.524Z"
    }
},
{
    "model": "app.comment",
    "pk": 20,
    "fields": {
        "user": 12,
        "entry": 5,
        "text": "Автор мог бы уделить больше внимания исследованию.",
        "parent": null,
        "created_at": "2024-03-17T17:14:10.528Z",
        "updated_at": "2024-03-17T17:14:10.528Z"
    }
},
{
    "model": "app.comment",
    "pk": 21,
    "fields": {
        "user": 13,
        "entry": 5,
        "text": "Содержание статьи мне не понравилось.",
        "parent": null,
        "created_at": "2024-03-17T17:14:10.531Z",
        "updated_at": "2024-03-17T17:14:10.531Z"
    }
},
{
    "model": "app.comment",
    "pk": 22,
    "fields": {
        "user": 29,
        "entry": 5,
        "text": "Пустая болтовня, не стоит времени.",
        "parent": null,
        "created_at": "2024-03-17T17:14:10.533Z",
        "updated_at": "2024-03-17T17:14:10.533Z"
    }
},
{
    "model": "app.comment",
    "pk": 23,
    "fields": {
        "user": 23,
        "entry": 6,
        "text": "Прекрасно написано, легко читается.",
        "parent": null,
        "created_at": "2024-03-17T17:14:10.536Z",
        "updated_at": "2024-03-17T17:14:10.536Z"
    }
},
{
    "model": "app.comment",
    "pk": 24,
    "fields": {
        "user": 9,
        "entry": 6,
        "text": "Благодарю автора за качественный материал.",
        "parent": null,
        "created_at": "2024-03-17T17:14:10.539Z",
        "updated_at": "2024-03-17T17:14:10.539Z"
    }
},
{
    "model": "app.comment",
    "pk": 25,
    "fields": {
        "user": 36,
        "entry": 6,
        "text": "Читал с унынием, информация уже известна.",
        "parent": null,
        "created_at": "2024-03-17T17:14:10.542Z",
        "updated_at": "2024-03-17T17:14:10.542Z"
    }
},
{
    "model": "app.comment",
    "pk": 26,
    "fields": {
        "user": 14,
        "entry": 6,
        "text": "Супер статья! Добавил в закладки для изучения.",
        "parent": null,
        "created_at": "2024-03-17T17:14:10.545Z",
        "updated_at": "2024-03-17T17:14:10.545Z"
    }
},
{
    "model": "app.comment",
    "pk": 27,
    "fields": {
        "user": 31,
        "entry": 6,
        "text": "Автор хорошо изложил материал, но структура может быть улучшена.",
        "parent": null,
        "created_at": "2024-03-17T17:14:10.548Z",
        "updated_at": "2024-03-17T17:14:10.548Z"
    }
},
{
    "model": "app.comment",
    "pk": 28,
    "fields": {
        "user": 25,
        "entry": 6,
        "text": "Интересный взгляд на тему, спасибо!",
        "parent": null,
        "created_at": "2024-03-17T17:14:10.551Z",
        "updated_at": "2024-03-17T17:14:10.551Z"
    }
},
{
    "model": "app.comment",
    "pk": 29,
    "fields": {
        "user": 30,
        "entry": 6,
        "text": "Пустая болтовня, не стоит времени.",
        "parent": null,
        "created_at": "2024-03-17T17:14:10.554Z",
        "updated_at": "2024-03-17T17:14:10.554Z"
    }
},
{
    "model": "app.comment",
    "pk": 30,
    "fields": {
        "user": 9,
        "entry": 6,
        "text": "Отличная статья, много полезной информации!",
        "parent": null,
        "created_at": "2024-03-17T17:14:10.557Z",
        "updated_at": "2024-03-17T17:14:10.557Z"
    }
},
{
    "model": "app.comment",
    "pk": 31,
    "fields": {
        "user": 21,
        "entry": 6,
        "text": "Прекрасно написано, легко читается.",
        "parent": null,
        "created_at": "2024-03-17T17:14:10.560Z",
        "updated_at": "2024-03-17T17:14:10.560Z"
    }
},
{
    "model": "app.comment",
    "pk": 32,
    "fields": {
        "user": 25,
        "entry": 6,
        "text": "Автор хорошо изложил материал, но структура может быть улучшена.",
        "parent": null,
        "created_at": "2024-03-17T17:14:10.563Z",
        "updated_at": "2024-03-17T17:14:10.563Z"
    }
},
{
    "model": "app.comment",
    "pk": 33,
    "fields": {
        "user": 21,
        "entry": 7,
        "text": "Интересный взгляд на тему, спасибо!",
        "parent": null,
        "created_at": "2024-03-17T17:14:10.566Z",
        "updated_at": "2024-03-17T17:14:10.566Z"
    }
},
{
    "model": "app.comment",
    "pk": 34,
    "fields": {
        "user": 13,
        "entry": 7,
        "text": "Автор мог бы уделить больше внимания исследованию.",
        "parent": null,
        "created_at": "2024-03-17T17:14:10.569Z",
        "updated_at": "2024-03-17T17:14:10.569Z"
    }
},
{
    "model": "app.comment",
    "pk": 35,
    "fields": {
        "user": 24,
        "entry": 7,
        "text": "Плохая статья, ничего нового.",
        "parent": null,
        "created_at": "2024-03-17T17:14:10.572Z",
        "updated_at": "2024-03-17T17:14:10.572Z"
    }
},
{
    "model": "app.comment",
    "pk": 36,
    "fields": {
        "user": 30,
        "entry": 7,
        "text": "Не плохо, но есть место для совершенствования.",
        "parent": null,
        "created_at": "2024-03-17T17:14:10.575Z",
        "updated_at": "2024-03-17T17:14:10.575Z"
    }
},
{
    "model": "app.comment",
    "pk": 37,
    "fields": {
        "user": 30,
        "entry": 7,
        "text": "Содержание статьи мне не понравилось.",
        "parent": null,
        "created_at": "2024-03-17T17:14:10.578Z",
        "updated_at": "2024-03-17T17:14:10.578Z"
    }
},
{
    "model": "app.comment",
    "pk": 38,
    "fields": {
        "user": 20,
        "entry": 7,
        "text": "Отличная статья, много полезной информации!",
        "parent": null,
        "created_at": "2024-03-17T17:14:10.581Z",
        "updated_at": "2024-03-17T17:14:10.581Z"
    }
},
{
    "model": "app.comment",
    "pk": 39,
    "fields": {
        "user": 24,
        "entry": 8,
        "text": "Благодарю автора за качественный материал.",
        "parent": null,
        "created_at": "2024-03-17T17:14:10.584Z",
        "updated_at": "2024-03-17T17:14:10.584Z"
    }
},
{
    "model": "app.comment",
    "pk": 40,
    "fields": {
        "user": 11,
        "entry": 8,
        "text": "Пустая болтовня, не стоит времени.",
        "parent": null,
        "created_at": "2024-03-17T17:14:10.587Z",
        "updated_at": "2024-03-17T17:14:10.587Z"
    }
},
{
    "model": "app.comment",
    "pk": 41,
    "fields": {
        "user": 17,
        "entry": 9,
        "text": "Читал с унынием, информация уже известна.",
        "parent": null,
        "created_at": "2024-03-17T17:14:10.590Z",
        "updated_at": "2024-03-17T17:14:10.590Z"
    }
},
{
    "model": "app.comment",
    "pk": 42,
    "fields": {
        "user": 22,
        "entry": 9,
        "text": "Не плохо, но есть место для совершенствования.",
        "parent": null,
        "created_at": "2024-03-17T17:14:10.593Z",
        "updated_at": "2024-03-17T17:14:10.593Z"
    }
},
{
    "model": "app.comment",
    "pk": 43,
    "fields": {
        "user": 36,
        "entry": 9,
        "text": "Автор мог бы уделить больше внимания исследованию.",
        "parent": null,
        "created_at": "2024-03-17T17:14:10.596Z",
        "updated_at": "2024-03-17T17:14:10.596Z"
    }
},
{
    "model": "app.comment",
    "pk": 44,
    "fields": {
        "user": 24,
        "entry": 10,
        "text": "Супер статья! Добавил в закладки для изучения.",
        "parent": null,
        "created_at": "2024-03-17T17:14:10.599Z",
        "updated_at": "2024-03-17T17:14:10.599Z"
    }
},
{
    "model": "app.comment",
    "pk": 45,
    "fields": {
        "user": 21,
        "entry": 10,
        "text": "Отличная статья, много полезной информации!",
        "parent": null,
        "created_at": "2024-03-17T17:14:10.602Z",
        "updated_at": "2024-03-17T17:14:10.602Z"
    }
},
{
    "model": "app.comment",
    "pk": 46,
    "fields": {
        "user": 27,
        "entry": 10,
        "text": "Интересный взгляд на тему, спасибо!",
        "parent": null,
        "created_at": "2024-03-17T17:14:10.605Z",
        "updated_at": "2024-03-17T17:14:10.605Z"
    }
},
{
    "model": "app.comment",
    "pk": 47,
    "fields": {
        "user": 10,
        "entry": 10,
        "text": "Информация в статье полезна, но ожидал большего.",
        "parent": null,
        "created_at": "2024-03-17T17:14:10.608Z",
        "updated_at": "2024-03-17T17:14:10.608Z"
    }
},
{
    "model": "app.comment",
    "pk": 48,
    "fields": {
        "user": 9,
        "entry": 10,
        "text": "Прекрасно написано, легко читается.",
        "parent": null,
        "created_at": "2024-03-17T17:14:10.611Z",
        "updated_at": "2024-03-17T17:14:10.611Z"
    }
},
{
    "model": "app.comment",
    "pk": 49,
    "fields": {
        "user": 27,
        "entry": 11,
        "text": "Автор мог бы уделить больше внимания исследованию.",
        "parent": null,
        "created_at": "2024-03-17T17:14:10.614Z",
        "updated_at": "2024-03-17T17:14:10.614Z"
    }
},
{
    "model": "app.comment",
    "pk": 50,
    "fields": {
        "user": 24,
        "entry": 11,
        "text": "Автор хорошо изложил материал, но структура может быть улучшена.",
        "parent": null,
        "created_at": "2024-03-17T17:14:10.617Z",
        "updated_at": "2024-03-17T17:14:10.617Z"
    }
},
{
    "model": "app.comment",
    "pk": 51,
    "fields": {
        "user": 20,
        "entry": 12,
        "text": "Супер статья! Добавил в закладки для изучения.",
        "parent": null,
        "created_at": "2024-03-17T17:14:10.620Z",
        "updated_at": "2024-03-17T17:14:10.620Z"
    }
},
{
    "model": "app.comment",
    "pk": 52,
    "fields": {
        "user": 27,
        "entry": 12,
        "text": "Информация в статье полезна, но ожидал большего.",
        "parent": null,
        "created_at": "2024-03-17T17:14:10.623Z",
        "updated_at": "2024-03-17T17:14:10.623Z"
    }
},
{
    "model": "app.comment",
    "pk": 53,
    "fields": {
        "user": 38,
        "entry": 12,
        "text": "Автор мог бы уделить больше внимания исследованию.",
        "parent": null,
        "created_at": "2024-03-17T17:14:10.626Z",
        "updated_at": "2024-03-17T17:14:10.626Z"
    }
},
{
    "model": "app.comment",
    "pk": 54,
    "fields": {
        "user": 36,
        "entry": 12,
        "text": "Не плохо, но есть место для совершенствования.",
        "parent": null,
        "created_at": "2024-03-17T17:14:10.629Z",
        "updated_at": "2024-03-17T17:14:10.629Z"
    }
},
{
    "model": "app.comment",
    "pk": 55,
    "fields": {
        "user": 23,
        "entry": 12,
        "text": "Не плохо, но есть место для совершенствования.",
        "parent": null,
        "created_at": "2024-03-17T17:14:10.632Z",
        "updated_at": "2024-03-17T17:14:10.632Z"
    }
},
{
    "model": "app.comment",
    "pk": 56,
    "fields": {
        "user": 22,
        "entry": 12,
        "text": "Благодарю автора за качественный материал.",
        "parent": null,
        "created_at": "2024-03-17T17:14:10.635Z",
        "updated_at": "2024-03-17T17:14:10.635Z"
    }
},
{
    "model": "app.comment",
    "pk": 57,
    "fields": {
        "user": 23,
        "entry": 12,
        "text": "Благодарю автора за качественный материал.",
        "parent": null,
        "created_at": "2024-03-17T17:14:10.638Z",
        "updated_at": "2024-03-17T17:14:10.638Z"
    }
},
{
    "model": "app.comment",
    "pk": 58,
    "fields": {
        "user": 34,
        "entry": 13,
        "text": "Супер статья! Добавил в закладки для изучения.",
        "parent": null,
        "created_at": "2024-03-17T17:14:10.641Z",
        "updated_at": "2024-03-17T17:14:10.641Z"
    }
},
{
    "model": "app.comment",
    "pk": 59,
    "fields": {
        "user": 32,
        "entry": 15,
        "text": "Содержание статьи мне не понравилось.",
        "parent": null,
        "created_at": "2024-03-17T17:14:10.644Z",
        "updated_at": "2024-03-17T17:14:10.644Z"
    }
},
{
    "model": "app.comment",
    "pk": 60,
    "fields": {
        "user": 21,
        "entry": 15,
        "text": "Не плохо, но есть место для совершенствования.",
        "parent": null,
        "created_at": "2024-03-17T17:14:10.647Z",
        "updated_at": "2024-03-17T17:14:10.647Z"
    }
},
{
    "model": "app.comment",
    "pk": 61,
    "fields": {
        "user": 39,
        "entry": 15,
        "text": "Плохая статья, ничего нового.",
        "parent": null,
        "created_at": "2024-03-17T17:14:10.650Z",
        "updated_at": "2024-03-17T17:14:10.650Z"
    }
},
{
    "model": "app.comment",
    "pk": 62,
    "fields": {
        "user": 12,
        "entry": 15,
        "text": "Прекрасно написано, легко читается.",
        "parent": null,
        "created_at": "2024-03-17T17:14:10.653Z",
        "updated_at": "2024-03-17T17:14:10.653Z"
    }
},
{
    "model": "app.comment",
    "pk": 63,
    "fields": {
        "user": 10,
        "entry": 15,
        "text": "Интересный взгляд на тему, спасибо!",
        "parent": null,
        "created_at": "2024-03-17T17:14:10.657Z",
        "updated_at": "2024-03-17T17:14:10.657Z"
    }
},
{
    "model": "app.comment",
    "pk": 64,
    "fields": {
        "user": 14,
        "entry": 17,
        "text": "Не плохо, но есть место для совершенствования.",
        "parent": null,
        "created_at": "2024-03-17T17:14:10.660Z",
        "updated_at": "2024-03-17T17:14:10.660Z"
    }
},
{
    "model": "app.comment",
    "pk": 65,
    "fields": {
        "user": 17,
        "entry": 17,
        "text": "Прекрасно написано, легко читается.",
        "parent": null,
        "created_at": "2024-03-17T17:14:10.663Z",
        "updated_at": "2024-03-17T17:14:10.663Z"
    }
},
{
    "model": "app.comment",
    "pk": 66,
    "fields": {
        "user": 34,
        "entry": 17,
        "text": "Пустая болтовня, не стоит времени.",
        "parent": null,
        "created_at": "2024-03-17T17:14:10.666Z",
        "updated_at": "2024-03-17T17:14:10.666Z"
    }
},
{
    "model": "app.comment",
    "pk": 67,
    "fields": {
        "user": 31,
        "entry": 17,
        "text": "Автор мог бы уделить больше внимания исследованию.",
        "parent": null,
        "created_at": "2024-03-17T17:14:10.669Z",
        "updated_at": "2024-03-17T17:14:10.669Z"
    }
},
{
    "model": "app.comment",
    "pk": 68,
    "fields": {
        "user": 36,
        "entry": 17,
        "text": "Читал с унынием, информация уже известна.",
        "parent": null,
        "created_at": "2024-03-17T17:14:10.672Z",
        "updated_at": "2024-03-17T17:14:10.672Z"
    }
},
{
    "model": "app.comment",
    "pk": 69,
    "fields": {
        "user": 23,
        "entry": 17,
        "text": "Читал с унынием, информация уже известна.",
        "parent": null,
        "created_at": "2024-03-17T17:14:10.676Z",
        "updated_at": "2024-03-17T17:14:10.676Z"
    }
},
{
    "model": "app.comment",
    "pk": 70,
    "fields": {
        "user": 7,
        "entry": 17,
        "text": "Отличная статья, много полезной информации!",
        "parent": null,
        "created_at": "2024-03-17T17:14:10.679Z",
        "updated_at": "2024-03-17T17:14:10.679Z"
    }
},
{
    "model": "app.comment",
    "pk": 71,
    "fields": {
        "user": 14,
        "entry": 17,
        "text": "Отличная статья, много полезной информации!",
        "parent": null,
        "created_at": "2024-03-17T17:14:10.682Z",
        "updated_at": "2024-03-17T17:14:10.682Z"
    }
},
{
    "model": "app.comment",
    "pk": 72,
    "fields": {
        "user": 24,
        "entry": 18,
        "text": "Прекрасно написано, легко читается.",
        "parent": null,
        "created_at": "2024-03-17T17:14:10.685Z",
        "updated_at": "2024-03-17T17:14:10.685Z"
    }
},
{
    "model": "app.comment",
    "pk": 73,
    "fields": {
        "user": 28,
        "entry": 18,
        "text": "Автор хорошо изложил материал, но структура может быть улучшена.",
        "parent": null,
        "created_at": "2024-03-17T17:14:10.687Z",
        "updated_at": "2024-03-17T17:14:10.687Z"
    }
},
{
    "model": "app.comment",
    "pk": 74,
    "fields": {
        "user": 25,
        "entry": 18,
        "text": "Автор мог бы уделить больше внимания исследованию.",
        "parent": null,
        "created_at": "2024-03-17T17:14:10.690Z",
        "updated_at": "2024-03-17T17:14:10.690Z"
    }
},
{
    "model": "app.comment",
    "pk": 75,
    "fields": {
        "user": 17,
        "entry": 18,
        "text": "Плохая статья, ничего нового.",
        "parent": null,
        "created_at": "2024-03-17T17:14:10.693Z",
        "updated_at": "2024-03-17T17:14:10.693Z"
    }
},
{
    "model": "app.comment",
    "pk": 76,
    "fields": {
        "user": 7,
        "entry": 18,
        "text": "Благодарю автора за качественный материал.",
        "parent": null,
        "created_at": "2024-03-17T17:14:10.697Z",
        "updated_at": "2024-03-17T17:14:10.697Z"
    }
},
{
    "model": "app.comment",
    "pk": 77,
    "fields": {
        "user": 23,
        "entry": 18,
        "text": "Читал с унынием, информация уже известна.",
        "parent": null,
        "created_at": "2024-03-17T17:14:10.700Z",
        "updated_at": "2024-03-17T17:14:10.700Z"
    }
},
{
    "model": "app.comment",
    "pk": 78,
    "fields": {
        "user": 18,
        "entry": 18,
        "text": "Читал с унынием, информация уже известна.",
        "parent": null,
        "created_at": "2024-03-17T17:14:10.703Z",
        "updated_at": "2024-03-17T17:14:10.703Z"
    }
},
{
    "model": "app.comment",
    "pk": 79,
    "fields": {
        "user": 26,
        "entry": 18,
        "text": "Интересный взгляд на тему, спасибо!",
        "parent": null,
        "created_at": "2024-03-17T17:14:10.706Z",
        "updated_at": "2024-03-17T17:14:10.706Z"
    }
},
{
    "model": "app.comment",
    "pk": 80,
    "fields": {
        "user": 39,
        "entry": 18,
        "text": "Пустая болтовня, не стоит времени.",
        "parent": null,
        "created_at": "2024-03-17T17:14:10.708Z",
        "updated_at": "2024-03-17T17:14:10.709Z"
    }
},
{
    "model": "app.comment",
    "pk": 81,
    "fields": {
        "user": 19,
        "entry": 18,
        "text": "Не плохо, но есть место для совершенствования.",
        "parent": null,
        "created_at": "2024-03-17T17:14:10.711Z",
        "updated_at": "2024-03-17T17:14:10.711Z"
    }
},
{
    "model": "app.comment",
    "pk": 82,
    "fields": {
        "user": 30,
        "entry": 18,
        "text": "Прекрасно написано, легко читается.",
        "parent": null,
        "created_at": "2024-03-17T17:14:10.714Z",
        "updated_at": "2024-03-17T17:14:10.714Z"
    }
},
{
    "model": "app.comment",
    "pk": 83,
    "fields": {
        "user": 17,
        "entry": 18,
        "text": "Читал с унынием, информация уже известна.",
        "parent": null,
        "created_at": "2024-03-17T17:14:10.717Z",
        "updated_at": "2024-03-17T17:14:10.717Z"
    }
},
{
    "model": "app.comment",
    "pk": 84,
    "fields": {
        "user": 40,
        "entry": 18,
        "text": "Супер статья! Добавил в закладки для изучения.",
        "parent": null,
        "created_at": "2024-03-17T17:14:10.720Z",
        "updated_at": "2024-03-17T17:14:10.720Z"
    }
},
{
    "model": "app.comment",
    "pk": 85,
    "fields": {
        "user": 7,
        "entry": 18,
        "text": "Пустая болтовня, не стоит времени.",
        "parent": null,
        "created_at": "2024-03-17T17:14:10.723Z",
        "updated_at": "2024-03-17T17:14:10.723Z"
    }
},
{
    "model": "app.comment",
    "pk": 86,
    "fields": {
        "user": 27,
        "entry": 18,
        "text": "Плохая статья, ничего нового.",
        "parent": null,
        "created_at": "2024-03-17T17:14:10.726Z",
        "updated_at": "2024-03-17T17:14:10.726Z"
    }
},
{
    "model": "app.comment",
    "pk": 87,
    "fields": {
        "user": 8,
        "entry": 18,
        "text": "Автор хорошо изложил материал, но структура может быть улучшена.",
        "parent": null,
        "created_at": "2024-03-17T17:14:10.729Z",
        "updated_at": "2024-03-17T17:14:10.729Z"
    }
},
{
    "model": "app.comment",
    "pk": 88,
    "fields": {
        "user": 30,
        "entry": 18,
        "text": "Супер статья! Добавил в закладки для изучения.",
        "parent": null,
        "created_at": "2024-03-17T17:14:10.732Z",
        "updated_at": "2024-03-17T17:14:10.732Z"
    }
},
{
    "model": "app.comment",
    "pk": 89,
    "fields": {
        "user": 26,
        "entry": 18,
        "text": "Информация в статье полезна, но ожидал большего.",
        "parent": null,
        "created_at": "2024-03-17T17:14:10.735Z",
        "updated_at": "2024-03-17T17:14:10.735Z"
    }
},
{
    "model": "app.comment",
    "pk": 90,
    "fields": {
        "user": 10,
        "entry": 18,
        "text": "Информация в статье полезна, но ожидал большего.",
        "parent": null,
        "created_at": "2024-03-17T17:14:10.738Z",
        "updated_at": "2024-03-17T17:14:10.738Z"
    }
},
{
    "model": "app.comment",
    "pk": 91,
    "fields": {
        "user": 12,
        "entry": 18,
        "text": "Автор хорошо изложил материал, но структура может быть улучшена.",
        "parent": null,
        "created_at": "2024-03-17T17:14:10.741Z",
        "updated_at": "2024-03-17T17:14:10.741Z"
    }
},
{
    "model": "app.comment",
    "pk": 92,
    "fields": {
        "user": 38,
        "entry": 19,
        "text": "Интересный взгляд на тему, спасибо!",
        "parent": null,
        "created_at": "2024-03-17T17:14:10.744Z",
        "updated_at": "2024-03-17T17:14:10.744Z"
    }
},
{
    "model": "app.comment",
    "pk": 93,
    "fields": {
        "user": 11,
        "entry": 19,
        "text": "Прекрасно написано, легко читается.",
        "parent": null,
        "created_at": "2024-03-17T17:14:10.746Z",
        "updated_at": "2024-03-17T17:14:10.746Z"
    }
},
{
    "model": "app.comment",
    "pk": 94,
    "fields": {
        "user": 15,
        "entry": 19,
        "text": "Не плохо, но есть место для совершенствования.",
        "parent": null,
        "created_at": "2024-03-17T17:14:10.750Z",
        "updated_at": "2024-03-17T17:14:10.750Z"
    }
},
{
    "model": "app.comment",
    "pk": 95,
    "fields": {
        "user": 37,
        "entry": 19,
        "text": "Читал с унынием, информация уже известна.",
        "parent": null,
        "created_at": "2024-03-17T17:14:10.753Z",
        "updated_at": "2024-03-17T17:14:10.753Z"
    }
},
{
    "model": "app.comment",
    "pk": 96,
    "fields": {
        "user": 17,
        "entry": 19,
        "text": "Средний уровень информации, нужно больше деталей.",
        "parent": null,
        "created_at": "2024-03-17T17:14:10.755Z",
        "updated_at": "2024-03-17T17:14:10.756Z"
    }
},
{
    "model": "app.comment",
    "pk": 97,
    "fields": {
        "user": 40,
        "entry": 19,
        "text": "Интересный взгляд на тему, спасибо!",
        "parent": null,
        "created_at": "2024-03-17T17:14:10.759Z",
        "updated_at": "2024-03-17T17:14:10.759Z"
    }
},
{
    "model": "app.comment",
    "pk": 98,
    "fields": {
        "user": 34,
        "entry": 19,
        "text": "Информация в статье полезна, но ожидал большего.",
        "parent": null,
        "created_at": "2024-03-17T17:14:10.761Z",
        "updated_at": "2024-03-17T17:14:10.761Z"
    }
},
{
    "model": "app.comment",
    "pk": 99,
    "fields": {
        "user": 19,
        "entry": 19,
        "text": "Благодарю автора за качественный материал.",
        "parent": null,
        "created_at": "2024-03-17T17:14:10.765Z",
        "updated_at": "2024-03-17T17:14:10.765Z"
    }
},
{
    "model": "app.comment",
    "pk": 100,
    "fields": {
        "user": 26,
        "entry": 19,
        "text": "Автор мог бы уделить больше внимания исследованию.",
        "parent": null,
        "created_at": "2024-03-17T17:14:10.768Z",
        "updated_at": "2024-03-17T17:14:10.768Z"
    }
},
{
    "model": "app.comment",
    "pk": 101,
    "fields": {
        "user": 30,
        "entry": 19,
        "text": "Плохая статья, ничего нового.",
        "parent": null,
        "created_at": "2024-03-17T17:14:10.771Z",
        "updated_at": "2024-03-17T17:14:10.771Z"
    }
},
{
    "model": "app.comment",
    "pk": 102,
    "fields": {
        "user": 40,
        "entry": 19,
        "text": "Плохая статья, ничего нового.",
        "parent": null,
        "created_at": "2024-03-17T17:14:10.774Z",
        "updated_at": "2024-03-17T17:14:10.774Z"
    }
},
{
    "model": "app.comment",
    "pk": 103,
    "fields": {
        "user": 14,
        "entry": 19,
        "text": "Информация в статье полезна, но ожидал большего.",
        "parent": null,
        "created_at": "2024-03-17T17:14:10.777Z",
        "updated_at": "2024-03-17T17:14:10.777Z"
    }
},
{
    "model": "app.comment",
    "pk": 104,
    "fields": {
        "user": 21,
        "entry": 20,
        "text": "Автор хорошо изложил материал, но структура может быть улучшена.",
        "parent": null,
        "created_at": "2024-03-17T17:14:10.780Z",
        "updated_at": "2024-03-17T17:14:10.780Z"
    }
},
{
    "model": "app.comment",
    "pk": 105,
    "fields": {
        "user": 28,
        "entry": 20,
        "text": "Статья интересная, но требует дополнительной информации.",
        "parent": null,
        "created_at": "2024-03-17T17:14:10.783Z",
        "updated_at": "2024-03-17T17:14:10.783Z"
    }
},
{
    "model": "app.comment",
    "pk": 106,
    "fields": {
        "user": 21,
        "entry": 20,
        "text": "Пустая болтовня, не стоит времени.",
        "parent": null,
        "created_at": "2024-03-17T17:14:10.786Z",
        "updated_at": "2024-03-17T17:14:10.786Z"
    }
},
{
    "model": "app.comment",
    "pk": 107,
    "fields": {
        "user": 21,
        "entry": 20,
        "text": "Статья интересная, но требует дополнительной информации.",
        "parent": null,
        "created_at": "2024-03-17T17:14:10.789Z",
        "updated_at": "2024-03-17T17:14:10.789Z"
    }
},
{
    "model": "app.comment",
    "pk": 108,
    "fields": {
        "user": 11,
        "entry": 20,
        "text": "Благодарю автора за качественный материал.",
        "parent": null,
        "created_at": "2024-03-17T17:14:10.792Z",
        "updated_at": "2024-03-17T17:14:10.792Z"
    }
},
{
    "model": "app.comment",
    "pk": 109,
    "fields": {
        "user": 10,
        "entry": 20,
        "text": "Информация в статье полезна, но ожидал большего.",
        "parent": null,
        "created_at": "2024-03-17T17:14:10.795Z",
        "updated_at": "2024-03-17T17:14:10.795Z"
    }
},
{
    "model": "app.comment",
    "pk": 110,
    "fields": {
        "user": 11,
        "entry": 20,
        "text": "Супер статья! Добавил в закладки для изучения.",
        "parent": null,
        "created_at": "2024-03-17T17:14:10.798Z",
        "updated_at": "2024-03-17T17:14:10.798Z"
    }
},
{
    "model": "app.comment",
    "pk": 111,
    "fields": {
        "user": 28,
        "entry": 20,
        "text": "Автор хорошо изложил материал, но структура может быть улучшена.",
        "parent": null,
        "created_at": "2024-03-17T17:14:10.801Z",
        "updated_at": "2024-03-17T17:14:10.801Z"
    }
},
{
    "model": "app.comment",
    "pk": 112,
    "fields": {
        "user": 39,
        "entry": 20,
        "text": "Информация в статье полезна, но ожидал большего.",
        "parent": null,
        "created_at": "2024-03-17T17:14:10.804Z",
        "updated_at": "2024-03-17T17:14:10.804Z"
    }
},
{
    "model": "app.comment",
    "pk": 113,
    "fields": {
        "user": 24,
        "entry": 20,
        "text": "Отличная статья, много полезной информации!",
        "parent": null,
        "created_at": "2024-03-17T17:14:10.807Z",
        "updated_at": "2024-03-17T17:14:10.807Z"
    }
},
{
    "model": "app.comment",
    "pk": 114,
    "fields": {
        "user": 38,
        "entry": 20,
        "text": "Информация в статье полезна, но ожидал большего.",
        "parent": null,
        "created_at": "2024-03-17T17:14:10.810Z",
        "updated_at": "2024-03-17T17:14:10.810Z"
    }
},
{
    "model": "app.comment",
    "pk": 115,
    "fields": {
        "user": 15,
        "entry": 20,
        "text": "Благодарю автора за качественный материал.",
        "parent": null,
        "created_at": "2024-03-17T17:14:10.813Z",
        "updated_at": "2024-03-17T17:14:10.813Z"
    }
},
{
    "model": "app.comment",
    "pk": 116,
    "fields": {
        "user": 37,
        "entry": 21,
        "text": "Информация в статье полезна, но ожидал большего.",
        "parent": null,
        "created_at": "2024-03-17T17:14:10.816Z",
        "updated_at": "2024-03-17T17:14:10.816Z"
    }
},
{
    "model": "app.comment",
    "pk": 117,
    "fields": {
        "user": 37,
        "entry": 21,
        "text": "Прекрасно написано, легко читается.",
        "parent": null,
        "created_at": "2024-03-17T17:14:10.819Z",
        "updated_at": "2024-03-17T17:14:10.819Z"
    }
},
{
    "model": "app.comment",
    "pk": 118,
    "fields": {
        "user": 33,
        "entry": 21,
        "text": "Информация в статье полезна, но ожидал большего.",
        "parent": null,
        "created_at": "2024-03-17T17:14:10.822Z",
        "updated_at": "2024-03-17T17:14:10.822Z"
    }
},
{
    "model": "app.comment",
    "pk": 119,
    "fields": {
        "user": 13,
        "entry": 21,
        "text": "Автор хорошо изложил материал, но структура может быть улучшена.",
        "parent": null,
        "created_at": "2024-03-17T17:14:10.825Z",
        "updated_at": "2024-03-17T17:14:10.825Z"
    }
},
{
    "model": "app.comment",
    "pk": 120,
    "fields": {
        "user": 34,
        "entry": 21,
        "text": "Содержание статьи мне не понравилось.",
        "parent": null,
        "created_at": "2024-03-17T17:14:10.828Z",
        "updated_at": "2024-03-17T17:14:10.828Z"
    }
},
{
    "model": "app.comment",
    "pk": 121,
    "fields": {
        "user": 34,
        "entry": 21,
        "text": "Автор мог бы уделить больше внимания исследованию.",
        "parent": null,
        "created_at": "2024-03-17T17:14:10.831Z",
        "updated_at": "2024-03-17T17:14:10.831Z"
    }
},
{
    "model": "app.comment",
    "pk": 122,
    "fields": {
        "user": 36,
        "entry": 21,
        "text": "Интересный взгляд на тему, спасибо!",
        "parent": null,
        "created_at": "2024-03-17T17:14:10.834Z",
        "updated_at": "2024-03-17T17:14:10.834Z"
    }
},
{
    "model": "app.comment",
    "pk": 123,
    "fields": {
        "user": 10,
        "entry": 21,
        "text": "Отличная статья, много полезной информации!",
        "parent": null,
        "created_at": "2024-03-17T17:14:10.837Z",
        "updated_at": "2024-03-17T17:14:10.837Z"
    }
},
{
    "model": "app.comment",
    "pk": 124,
    "fields": {
        "user": 13,
        "entry": 23,
        "text": "Статья интересная, но требует дополнительной информации.",
        "parent": null,
        "created_at": "2024-03-17T17:14:10.840Z",
        "updated_at": "2024-03-17T17:14:10.840Z"
    }
},
{
    "model": "app.comment",
    "pk": 125,
    "fields": {
        "user": 7,
        "entry": 1,
        "text": "Комментарий!",
        "parent": 1,
        "created_at": "2024-03-17T17:14:10.844Z",
        "updated_at": "2024-03-17T17:14:10.844Z"
    }
},
{
    "model": "app.comment",
    "pk": 126,
    "fields": {
        "user": 9,
        "entry": 2,
        "text": "Комментарий!",
        "parent": 2,
        "created_at": "2024-03-17T17:14:10.847Z",
        "updated_at": "2024-03-17T17:14:10.847Z"
    }
},
{
    "model": "app.comment",
    "pk": 127,
    "fields": {
        "user": 9,
        "entry": 2,
        "text": "Комментарий!",
        "parent": 3,
        "created_at": "2024-03-17T17:14:10.851Z",
        "updated_at": "2024-03-17T17:14:10.851Z"
    }
},
{
    "model": "app.comment",
    "pk": 128,
    "fields": {
        "user": 9,
        "entry": 2,
        "text": "Комментарий!",
        "parent": 4,
        "created_at": "2024-03-17T17:14:10.854Z",
        "updated_at": "2024-03-17T17:14:10.854Z"
    }
},
{
    "model": "app.comment",
    "pk": 129,
    "fields": {
        "user": 7,
        "entry": 3,
        "text": "Комментарий!",
        "parent": 13,
        "created_at": "2024-03-17T17:14:10.858Z",
        "updated_at": "2024-03-17T17:14:10.858Z"
    }
},
{
    "model": "app.comment",
    "pk": 130,
    "fields": {
        "user": 8,
        "entry": 3,
        "text": "Комментарий!",
        "parent": 14,
        "created_at": "2024-03-17T17:14:10.861Z",
        "updated_at": "2024-03-17T17:14:10.861Z"
    }
},
{
    "model": "app.comment",
    "pk": 131,
    "fields": {
        "user": 14,
        "entry": 5,
        "text": "Комментарий!",
        "parent": 20,
        "created_at": "2024-03-17T17:14:10.865Z",
        "updated_at": "2024-03-17T17:14:10.865Z"
    }
},
{
    "model": "app.comment",
    "pk": 132,
    "fields": {
        "user": 14,
        "entry": 7,
        "text": "Комментарий!",
        "parent": 33,
        "created_at": "2024-03-17T17:14:10.868Z",
        "updated_at": "2024-03-17T17:14:10.868Z"
    }
},
{
    "model": "app.comment",
    "pk": 133,
    "fields": {
        "user": 9,
        "entry": 9,
        "text": "Комментарий!",
        "parent": 41,
        "created_at": "2024-03-17T17:14:10.870Z",
        "updated_at": "2024-03-17T17:14:10.870Z"
    }
},
{
    "model": "app.comment",
    "pk": 134,
    "fields": {
        "user": 7,
        "entry": 23,
        "text": "Комментарий!",
        "parent": 124,
        "created_at": "2024-03-17T17:14:10.874Z",
        "updated_at": "2024-03-17T17:14:10.874Z"
    }
}
]
